lot_id,lot_name,GU_NM,ADM_NM,candidate_rank,candidate_grade,candidate_score_for_ranking,candidate_score_primary,candidate_score_conservative,delivery_zone,demand_context_score,constraint_context_score,parking_site_score,zone_score,corporate_context_score,airspace_review_required,nb10_risk_note,nb10_candidate_reason
206-2-000011,수내역환승,분당구,수내1동,1,A,0.6927942247964373,0.6927942247964373,0.6927942247964373,부적합,0.6931962615634748,0.7646021329968842,0.8361,0.0,1.0,False,이상 없음,수요는 있으나 제약/공역 리스크 있음
206-3-000001,분당구청 부설주차장,분당구,수내1동,2,A,0.692714495320228,0.692714495320228,0.692714495320228,부적합,0.702673820202877,0.8974146329968842,0.6897,0.0,1.0,False,이상 없음,수요는 있으나 제약/공역 리스크 있음
206-2-000020,백현동카페거리공영주차장,분당구,백현동,3,A,0.619737256724796,0.619737256724796,0.619737256724796,부적합,0.7137295429898525,0.8298915760427471,0.6185,0.0,0.1566804533532173,False,이상 없음,수요는 있으나 제약/공역 리스크 있음
206-2-000023,정자동공영주차장,분당구,정자동,4,A,0.601934006749266,0.601934006749266,0.601934006749266,부적합,0.6885471051086431,0.846394365225,0.5708,0.0,0.1328785730998173,False,이상 없음,수요는 있으나 제약/공역 리스크 있음
206-2-000007,정자역환승,분당구,정자1동,5,A,0.5983842900979778,0.5983842900979778,0.5983842900979778,부적합,0.5435932204205982,0.8842110776889434,0.5709,0.0,0.8869778705706505,False,이상 없음,수요는 있으나 제약/공역 리스크 있음
206-2-000015,판교공영,분당구,백현동,6,A,0.5970676893248231,0.5970676893248231,0.5970676893248231,부적합,0.5411287007325031,0.7019544856031449,0.8974,0.0,0.1566804533532173,False,이상 없음,수요는 있으나 제약/공역 리스크 있음
206-2-000014,서현 환승,분당구,서현1동,7,A,0.5854211705137332,0.5854211705137332,0.5854211705137332,부적합,0.5948571670334384,0.7434893001080974,0.7338,0.0,0.1579767405001072,False,이상 없음,수요는 있으나 제약/공역 리스크 있음
205-2-000002,성남동 대형,중원구,성남동,8,A,0.5851675632566963,0.5851675632566963,0.5851675632566963,부적합,0.36676194982451804,0.8884454293117431,0.8841,0.0,0.27329046980358374,False,이상 없음,"종합 점수 낮음, 추가 검토 필요"
205-3-000001,성남시청 부설주차장,중원구,도촌동,9,A,0.5820955716792466,0.5820955716792466,0.5820955716792466,부적합,0.5045237185018632,0.8742371580960564,0.7449,0.0,0.014559613591608749,False,이상 없음,수요는 있으나 제약/공역 리스크 있음
204-2-000017,신흥 제7,수정구,수진1동,10,A,0.5626171724507998,0.5626171724507998,0.5626171724507998,부적합,0.5702186738240624,0.6871761732381944,0.7229,0.0,0.2104318660565858,False,이상 없음,수요는 있으나 제약/공역 리스크 있음
204-2-000028,수진 제2,중원구,성남동,11,A,0.5596379615859924,0.5596379615859924,0.5596379615859924,부적합,0.5526364082585064,0.6943027808213441,0.7159,0.0,0.27329046980358374,False,이상 없음,수요는 있으나 제약/공역 리스크 있음
206-2-000012,판교역환승,분당구,백현동,12,A,0.5584775489941217,0.5584775489941217,0.5584775489941217,부적합,0.5672209790547698,0.7770647346291657,0.6314,0.0,0.1566804533532173,False,이상 없음,수요는 있으나 제약/공역 리스크 있음
206-3-000004,분당도서관 부설주차장,분당구,정자3동,13,A,0.5504167120158485,0.5504167120158485,0.5504167120158485,하이브리드,0.4099516477202899,0.7638826021787933,0.4602,1.0,0.01825969538097582,False,이상 없음,하이브리드 구역 — 추가 현장 검토 권장
206-2-000004,맛고을,분당구,야탑1동,14,A,0.5445641122485358,0.5445641122485358,0.5445641122485358,부적합,0.5203713738534759,0.6839141859658753,0.5923,0.0,0.8676116981670075,False,이상 없음,수요는 있으나 제약/공역 리스크 있음
205-2-000001,대원천,중원구,성남동,15,A,0.5440175632566963,0.5440175632566963,0.5440175632566963,부적합,0.36676194982451804,0.8884454293117431,0.7195,0.0,0.27329046980358374,False,이상 없음,"종합 점수 낮음, 추가 검토 필요"
206-2-000003,야탑 제2환승,분당구,야탑1동,16,A,0.5423413994669553,0.5423413994669553,0.5423413994669553,부적합,0.5386646408313799,0.7254127610704878,0.5163,0.0,0.8676116981670075,False,이상 없음,수요는 있으나 제약/공역 리스크 있음
206-2-000006,정자전원마을,분당구,정자3동,17,A,0.5349967925288658,0.5349967925288658,0.5349967925288658,드론우선,0.3161586272957302,0.6930131528252459,0.6607,0.85,0.01825969538097582,False,이상 없음,드론우선 구역 — 추가 현장 검토 권장
204-2-000029,수진 제3,수정구,수진2동,18,A,0.5316089751023593,0.5316089751023593,0.5316089751023593,부적합,0.5263681490852996,0.6914817704770899,0.6741,0.0,0.11969360606464009,False,이상 없음,수요는 있으나 제약/공역 리스크 있음
205-2-000003,성남동 제1,중원구,성남동,19,A,0.5291680410186138,0.5291680410186138,0.5291680410186138,부적합,0.4527959972187402,0.5717996740075022,0.8563,0.0,0.27329046980358374,False,이상 없음,수요는 있으나 제약/공역 리스크 있음
206-3-000006,판교어린이도서관,분당구,백현동,20,A,0.5274467501579166,0.5274467501579166,0.5274467501579166,부적합,0.6455922973291532,0.7806216937002084,0.394,0.0,0.1566804533532173,False,주차 후보 점수 낮음,수요는 있으나 제약/공역 리스크 있음
204-2-000027,수진 제1,수정구,수진2동,21,A,0.5270966897490235,0.5270966897490235,0.5270966897490235,부적합,0.5372616195043399,0.6914817704770899,0.6408,0.0,0.11969360606464009,False,이상 없음,수요는 있으나 제약/공역 리스크 있음
206-2-000002,야탑 제1환승,분당구,야탑1동,22,A,0.5225950878557512,0.5225950878557512,0.5225950878557512,부적합,0.5367451024550843,0.6544148683524849,0.511,0.0,0.8676116981670075,False,이상 없음,수요는 있으나 제약/공역 리스크 있음
205-2-000004,성남동 제2,중원구,성남동,23,A,0.5210430623643721,0.5210430623643721,0.5210430623643721,부적합,0.4481191375610121,0.6528473629113548,0.7493,0.0,0.27329046980358374,False,이상 없음,수요는 있으나 제약/공역 리스크 있음
204-2-000011,복정 제4공영,수정구,복정동,24,A,0.5196366850301597,0.5196366850301597,0.5196366850301597,부적합,0.3122799810754636,0.874105636760976,0.7472,0.0,0.1002456492700706,False,이상 없음,"종합 점수 낮음, 추가 검토 필요"
205-2-000033,모란제2공영주차장,중원구,성남동,25,A,0.5195195555932315,0.5195195555932315,0.5195195555932315,부적합,0.4343362314807162,0.7749494043392063,0.6404,0.0,0.27329046980358374,False,이상 없음,수요는 있으나 제약/공역 리스크 있음
204-2-000034,신흥제9공영주차장,수정구,신흥1동,26,A,0.5166860834125706,0.5166860834125706,0.5166860834125706,부적합,0.582753417286642,0.5974770675227508,0.6301,0.0,0.11656240963116479,False,이상 없음,수요는 있으나 제약/공역 리스크 있음
204-2-000019,태평,수정구,태평3동,27,A,0.5161207077131108,0.5161207077131108,0.5161207077131108,부적합,0.4880193628977473,0.6834359992744287,0.6761,0.0,0.10859861760584144,False,이상 없음,수요는 있으나 제약/공역 리스크 있음
205-2-000035,여수동제2공영주차장,중원구,도촌동,28,A,0.5156370538253382,0.5156370538253382,0.5156370538253382,부적합,0.4813861929712683,0.7416956224232553,0.644,0.0,0.014559613591608749,False,이상 없음,수요는 있으나 제약/공역 리스크 있음
204-2-000022,태평4동제3,수정구,태평4동,29,A,0.5128234950358681,0.5128234950358681,0.5128234950358681,부적합,0.5150910837418807,0.6876038331468356,0.6345,0.0,0.04031314879001912,False,이상 없음,수요는 있으나 제약/공역 리스크 있음
206-2-000008,오리환승,분당구,구미동,30,A,0.5104921780851578,0.5104921780851578,0.5104921780851578,드론우선,0.22195578104918426,0.8396455818033494,0.5219,0.85,0.14842518534211996,False,수요권역 낮음,드론우선 구역 — 추가 현장 검토 권장
206-2-000005,점골,분당구,서현2동,31,A,0.5089155654429073,0.5089155654429073,0.5089155654429073,부적합,0.4848975903900758,0.6450103770256634,0.689,0.0,0.1139762909992971,False,이상 없음,수요는 있으나 제약/공역 리스크 있음
205-2-000030,모란공영,수정구,신흥2동,32,A,0.5081461094835418,0.5081461094835418,0.5081461094835418,부적합,0.4680274153777122,0.5590083453097657,0.8039,0.0,0.07218855547802057,False,이상 없음,수요는 있으나 제약/공역 리스크 있음
204-2-000039,신흥제10공영(기계식)주차장,수정구,신흥3동,33,A,0.5044402036849123,0.5044402036849123,0.5044402036849123,부적합,0.4946059517027661,0.6289343156001631,0.6527,0.0,0.21839083377806898,False,이상 없음,수요는 있으나 제약/공역 리스크 있음
204-2-000021,태평2동 제1,수정구,태평2동,34,A,0.5038798657744005,0.5038798657744005,0.5038798657744005,부적합,0.5303379644180207,0.5907426270729111,0.6597,0.0,0.11301842919730985,False,이상 없음,수요는 있으나 제약/공역 리스크 있음
204-2-000042,희망대제1공영주차장,수정구,신흥3동,35,A,0.5029739602347965,0.5029739602347965,0.5029739602347965,부적합,0.5081694323270469,0.5205804689257065,0.7362,0.0,0.21839083377806898,False,이상 없음,수요는 있으나 제약/공역 리스크 있음
206-2-000009,금곡동,분당구,금곡동,36,B,0.5019744501746771,0.5019744501746771,0.5019744501746771,드론우선,0.4094333555942009,0.663211892562198,0.4165,0.85,0.07489605152314473,False,이상 없음,드론우선 구역 — 추가 현장 검토 권장
205-2-000028,해오름,중원구,금광1동,37,B,0.50108698176877,0.50108698176877,0.50108698176877,부적합,0.35531290315127495,0.5879871898772845,0.9101,0.0,0.04411336393005158,False,이상 없음,"종합 점수 낮음, 추가 검토 필요"
205-2-000032,하대원동임시공영주차장,중원구,하대원동,38,B,0.49893932405789265,0.49893932405789265,0.49893932405789265,부적합,0.44601274186385004,0.721972394503018,0.6343,0.0,0.07533531559581219,False,이상 없음,수요는 있으나 제약/공역 리스크 있음
204-2-000018,태평4동 제1,수정구,신흥2동,39,B,0.49642446565740844,0.49642446565740844,0.49642446565740844,부적합,0.5197855908319473,0.5780603243693035,0.6655,0.0,0.07218855547802057,False,이상 없음,수요는 있으나 제약/공역 리스크 있음
204-2-000030,수진동 제4,수정구,수진2동,40,B,0.49313913140334625,0.49313913140334625,0.49313913140334625,부적합,0.46458931254215613,0.6937927668414382,0.6044,0.0,0.11969360606464009,False,이상 없음,수요는 있으나 제약/공역 리스크 있음
204-2-000012,복정 제5공영,수정구,복정동,41,B,0.49213507005113716,0.49213507005113716,0.49213507005113716,부적합,0.23396978766646687,0.886033447617481,0.7349,0.0,0.1002456492700706,False,수요권역 낮음,"종합 점수 낮음, 추가 검토 필요"
204-2-000035,신흥2동제1공영주차장,수정구,신흥2동,42,B,0.4915300891101113,0.4915300891101113,0.4915300891101113,부적합,0.4739816428821968,0.5590083453097657,0.7291,0.0,0.07218855547802057,False,이상 없음,수요는 있으나 제약/공역 리스크 있음
204-2-000014,신흥 제1,수정구,신흥1동,43,B,0.487483194010996,0.487483194010996,0.487483194010996,부적합,0.5814627099785146,0.5987725001478306,0.5138,0.0,0.11656240963116479,False,이상 없음,수요는 있으나 제약/공역 리스크 있음
204-2-000031,번성,수정구,수진2동,44,B,0.4872897287263061,0.4872897287263061,0.4872897287263061,부적합,0.47227630172031376,0.6742333712838574,0.5898,0.0,0.11969360606464009,False,이상 없음,수요는 있으나 제약/공역 리스크 있음
204-2-000001,논골공영,수정구,단대동,45,B,0.4870890144315913,0.4870890144315913,0.4870890144315913,부적합,0.36821690841696053,0.7138792389850815,0.7116,0.0,0.03686573478769389,False,이상 없음,"종합 점수 낮음, 추가 검토 필요"
204-2-000023,아래숯골,수정구,태평1동,46,B,0.48626127655451407,0.48626127655451407,0.48626127655451407,부적합,0.39795777129260457,0.7369470498866691,0.6393,0.0,0.05828588260870389,False,이상 없음,"종합 점수 낮음, 추가 검토 필요"
206-3-000007,구미도서관,분당구,구미1동,47,B,0.4857914396546643,0.4857914396546643,0.4857914396546643,드론우선,0.31176585646639443,0.7374805587548745,0.3925,0.85,0.18356500405415213,False,주차 후보 점수 낮음,드론우선 구역 — 추가 현장 검토 권장
205-2-000005,대원지하,중원구,상대원2동,48,B,0.48577177887343376,0.48577177887343376,0.48577177887343376,부적합,0.36064259649877106,0.6350605513834038,0.7228,0.0,0.4016346450602594,False,이상 없음,"종합 점수 낮음, 추가 검토 필요"
205-2-000034,여수동제1공영주차장,중원구,도촌동,49,B,0.4842612642789098,0.4842612642789098,0.4842612642789098,부적합,0.5149458550327242,0.6980089373515035,0.5152,0.0,0.014559613591608749,False,이상 없음,수요는 있으나 제약/공역 리스크 있음
204-2-000025,건우,수정구,복정동,50,B,0.4805159649965502,0.4805159649965502,0.4805159649965502,부적합,0.41414585571774853,0.6452105321273385,0.677,0.0,0.1002456492700706,False,이상 없음,수요는 있으나 제약/공역 리스크 있음
204-2-000043,희망대제2공영주차장,수정구,신흥2동,51,B,0.48021425357735725,0.48021425357735725,0.48021425357735725,부적합,0.454965801290549,0.5457671814070562,0.7237,0.0,0.07218855547802057,False,이상 없음,수요는 있으나 제약/공역 리스크 있음
204-2-000013,수정,수정구,신흥2동,52,B,0.47806346665205135,0.47806346665205135,0.47806346665205135,부적합,0.46967589169406404,0.5762699071409116,0.664,0.0,0.07218855547802057,False,이상 없음,수요는 있으나 제약/공역 리스크 있음
205-2-000011,금광2동 제1,중원구,금광2동,53,B,0.47703918858319666,0.47703918858319666,0.47703918858319666,부적합,0.34077726409119,0.6798733107531736,0.7371,0.0,0.0704763692597366,False,이상 없음,"종합 점수 낮음, 추가 검토 필요"
205-2-000027,중앙동 제4,중원구,중앙동,54,B,0.4745673566655884,0.4745673566655884,0.4745673566655884,부적합,0.39191404303787947,0.587731303543691,0.7562,0.0,0.02829231432815784,False,이상 없음,"종합 점수 낮음, 추가 검토 필요"
206-2-000022,운중동공영주차장,분당구,운중동,55,B,0.4745467533179886,0.4745467533179886,0.4745467533179886,부적합,0.3753328883141803,0.7284852807746846,0.6435,0.0,0.003678444287088193,False,이상 없음,"종합 점수 낮음, 추가 검토 필요"
204-2-000010,복정 제3공영,수정구,복정동,56,B,0.4738290854620018,0.4738290854620018,0.4738290854620018,부적합,0.17999120825467269,0.8791795204374512,0.7441,0.0,0.1002456492700706,False,수요권역 낮음,"종합 점수 낮음, 추가 검토 필요"
206-3-000003,서현도서관 부설주차장,분당구,서현1동,57,B,0.4715179643948821,0.4715179643948821,0.4715179643948821,부적합,0.4773651275324681,0.6959653309340517,0.4902,0.0,0.1579767405001072,False,이상 없음,수요는 있으나 제약/공역 리스크 있음
206-2-000024,판교동임시공영주차장,분당구,판교동,58,B,0.47043441667908353,0.47043441667908353,0.47043441667908353,부적합,0.41129514545453794,0.6711853930226273,0.6293,0.0,0.027195350286769077,False,이상 없음,수요는 있으나 제약/공역 리스크 있음
204-2-000006,산성동 제1,수정구,산성동,59,B,0.46965059124753067,0.46965059124753067,0.46965059124753067,부적합,0.4122496325472612,0.6358058649187129,0.6647,0.0,0.0047350725262214335,False,이상 없음,수요는 있으나 제약/공역 리스크 있음
204-2-000041,태평공원공영주차장,수정구,태평1동,60,B,0.4680463029616684,0.4680463029616684,0.4680463029616684,부적합,0.3250716046285715,0.7510277888449328,0.6544,0.0,0.05828588260870389,False,이상 없음,"종합 점수 낮음, 추가 검토 필요"
206-2-000019,판교제2공영주차장,분당구,판교동,61,B,0.4645771582780322,0.4645771582780322,0.4645771582780322,부적합,0.4344886928801054,0.6711853930226273,0.5734,0.0,0.027195350286769077,False,이상 없음,수요는 있으나 제약/공역 리스크 있음
204-1-000004,수상9-10,중원구,성남동,62,B,0.4623076462177581,0.4623076462177581,0.4623076462177581,부적합,0.5710268070638803,0.7045349610208832,0.2906,0.0,0.27329046980358374,False,주차 후보 점수 낮음,수요는 있으나 제약/공역 리스크 있음
205-1-000033,중상12,중원구,성남동,63,B,0.45991985799053503,0.45991985799053503,0.45991985799053503,부적합,0.5304902692718142,0.7045349610208832,0.3378,0.0,0.27329046980358374,False,주차 후보 점수 낮음,수요는 있으나 제약/공역 리스크 있음
205-3-000002,중원구청 부설주차장,중원구,성남동,64,B,0.4571025811573822,0.4571025811573822,0.4571025811573822,부적합,0.4667437093060809,0.6998110376402987,0.4205,0.0,0.27329046980358374,False,이상 없음,수요는 있으나 제약/공역 리스크 있음
205-1-000028,중상3,중원구,성남동,65,B,0.45655988337069764,0.45655988337069764,0.45655988337069764,부적합,0.5236966159517428,0.7189061771896338,0.3195,0.0,0.27329046980358374,False,주차 후보 점수 낮음,수요는 있으나 제약/공역 리스크 있음
206-3-000002,도서관사업소,분당구,야탑3동,66,B,0.45497527795070797,0.45497527795070797,0.45497527795070797,부적합,0.3767203688739317,0.7017943493605179,0.5697,0.0,0.10499123009404757,False,이상 없음,"종합 점수 낮음, 추가 검토 필요"
205-2-000014,은행동 제5,중원구,은행1동,67,B,0.45469698664754243,0.45469698664754243,0.45469698664754243,부적합,0.2970725894720814,0.6058015717961803,0.7897,0.0,0.036923747665378856,False,수요권역 낮음,"종합 점수 낮음, 추가 검토 필요"
204-2-000003,희망로,수정구,단대동,68,B,0.4538583198286968,0.4538583198286968,0.4538583198286968,부적합,0.3602772815930485,0.6284719381269804,0.6752,0.0,0.03686573478769389,False,이상 없음,"종합 점수 낮음, 추가 검토 필요"
205-1-000031,중상10,수정구,수진1동,69,B,0.45360175372297495,0.45360175372297495,0.45360175372297495,부적합,0.5381254010526024,0.6682450802069392,0.3507,0.0,0.2104318660565858,False,주차 후보 점수 낮음,수요는 있으나 제약/공역 리스크 있음
204-2-000016,신흥 3동,중원구,중앙동,70,B,0.45332080627407767,0.45332080627407767,0.45332080627407767,부적합,0.45532881989762264,0.5925644143740078,0.5776,0.0,0.02829231432815784,False,이상 없음,수요는 있으나 제약/공역 리스크 있음
204-2-000007,단대 공원,수정구,단대동,71,B,0.45239765771410667,0.45239765771410667,0.45239765771410667,부적합,0.34585674920149323,0.6129180350167975,0.7051,0.0,0.03686573478769389,False,이상 없음,"종합 점수 낮음, 추가 검토 필요"
204-2-000009,산성역 환승,수정구,산성동,72,B,0.4521406262036063,0.4521406262036063,0.4521406262036063,부적합,0.35736708935141603,0.5972015652171982,0.7101,0.0,0.0047350725262214335,False,이상 없음,"종합 점수 낮음, 추가 검토 필요"
204-2-000004,양지 제1,수정구,단대동,73,B,0.4519809498774281,0.4519809498774281,0.4519809498774281,부적합,0.3151417490732051,0.6152522038496864,0.7441,0.0,0.03686573478769389,False,이상 없음,"종합 점수 낮음, 추가 검토 필요"
205-2-000024,중앙동 제1,중원구,중앙동,74,B,0.4515261514793528,0.4515261514793528,0.4515261514793528,부적합,0.3923262010553106,0.5908894615743451,0.6603,0.0,0.02829231432815784,False,이상 없음,"종합 점수 낮음, 추가 검토 필요"
205-1-000032,중상11,수정구,수진1동,75,B,0.45149611202981743,0.45149611202981743,0.45149611202981743,부적합,0.5268235676435811,0.6682450802069392,0.3581,0.0,0.2104318660565858,False,주차 후보 점수 낮음,수요는 있으나 제약/공역 리스크 있음
205-1-000061,중상51-53,중원구,성남동,76,B,0.4497636078440419,0.4497636078440419,0.4497636078440419,부적합,0.4231912094029336,0.7530286442513437,0.3989,0.0,0.27329046980358374,False,주차 후보 점수 낮음,수요는 있으나 제약/공역 리스크 있음
204-1-000005,수상11,수정구,수진1동,77,B,0.4489163544404781,0.4489163544404781,0.4489163544404781,부적합,0.5388814031026115,0.6682450802069392,0.3309,0.0,0.2104318660565858,False,주차 후보 점수 낮음,수요는 있으나 제약/공역 리스크 있음
205-2-000006,상대원 제4,중원구,상대원1동,78,B,0.4477921646142631,0.4477921646142631,0.4477921646142631,부적합,0.261381269737999,0.5865050950154109,0.7759,0.0,0.3141489290422145,False,수요권역 낮음,"종합 점수 낮음, 추가 검토 필요"
205-2-000025,중앙동 제2,중원구,중앙동,79,B,0.44744552249599323,0.44744552249599323,0.44744552249599323,부적합,0.36510186690966107,0.5820810134448158,0.6909,0.0,0.02829231432815784,False,이상 없음,"종합 점수 낮음, 추가 검토 필요"
204-2-000024,태평4동,수정구,태평4동,80,B,0.4471249834574532,0.4471249834574532,0.4471249834574532,부적합,0.41737375415219513,0.5660140482587359,0.6301,0.0,0.04031314879001912,False,이상 없음,수요는 있으나 제약/공역 리스크 있음
204-2-000020,태평동 제1,수정구,태평1동,81,B,0.44644239484837456,0.44644239484837456,0.44644239484837456,부적합,0.3966428555315728,0.5722124051275558,0.6466,0.0,0.05828588260870389,False,이상 없음,"종합 점수 낮음, 추가 검토 필요"
205-1-000029,중상6-7,수정구,수진1동,82,B,0.4461558840083715,0.4461558840083715,0.4461558840083715,부적합,0.4978477545734098,0.6636503064193952,0.3819,0.0,0.2104318660565858,False,주차 후보 점수 낮음,수요는 있으나 제약/공역 리스크 있음
205-1-000030,중상8-9,수정구,수진1동,83,B,0.4446803514992219,0.4446803514992219,0.4446803514992219,부적합,0.48334623311869673,0.6636503064193952,0.3963,0.0,0.2104318660565858,False,주차 후보 점수 낮음,수요는 있으나 제약/공역 리스크 있음
205-2-000031,중앙동제6,중원구,중앙동,84,B,0.4443512779576564,0.4443512779576564,0.4443512779576564,부적합,0.4657017768231836,0.4709641614125369,0.6488,0.0,0.02829231432815784,False,이상 없음,수요는 있으나 제약/공역 리스크 있음
204-2-000008,산성동 제2,수정구,산성동,85,B,0.44394581688785023,0.44394581688785023,0.44394581688785023,부적합,0.34758061295195664,0.5890233949134173,0.6992,0.0,0.0047350725262214335,False,이상 없음,"종합 점수 낮음, 추가 검토 필요"
204-2-000026,태평동 탄천변,수정구,태평1동,86,B,0.4423798892500256,0.4423798892500256,0.4423798892500256,부적합,0.2528924278842906,0.7613129814403549,0.6425,0.0,0.05828588260870389,False,수요권역 낮음,"종합 점수 낮음, 추가 검토 필요"
205-2-000016,은행2동 제4,중원구,은행2동,87,C,0.43825591412509896,0.43825591412509896,0.43825591412509896,부적합,0.26946940904590355,0.6028240214138033,0.7728,0.0,0.0007123121116385898,False,수요권역 낮음,"종합 점수 낮음, 추가 검토 필요"
204-2-000002,단대 제1,수정구,단대동,88,C,0.4369059031737682,0.4369059031737682,0.4369059031737682,부적합,0.30864161563417686,0.6152522038496864,0.6929,0.0,0.03686573478769389,False,이상 없음,"종합 점수 낮음, 추가 검토 필요"
204-2-000040,양지제3공영주차장,수정구,단대동,89,C,0.43653094987742813,0.43653094987742813,0.43653094987742813,부적합,0.3151417490732051,0.6152522038496864,0.6823,0.0,0.03686573478769389,False,이상 없음,"종합 점수 낮음, 추가 검토 필요"
205-2-000022,은행1,중원구,금광2동,90,C,0.4362877505205407,0.4362877505205407,0.4362877505205407,부적합,0.3298461684505076,0.6083710923995047,0.6609,0.0,0.0704763692597366,False,이상 없음,"종합 점수 낮음, 추가 검토 필요"
205-2-000010,금광공영주차장,중원구,금광2동,91,C,0.43569864822903953,0.43569864822903953,0.43569864822903953,부적합,0.3306614345078836,0.6798733107531736,0.5859,0.0,0.0704763692597366,False,이상 없음,"종합 점수 낮음, 추가 검토 필요"
205-1-000066,모란5,중원구,성남동,92,C,0.4335337143800071,0.4335337143800071,0.4335337143800071,부적합,0.4231784778284976,0.8229268945994151,0.2641,0.0,0.27329046980358374,False,주차 후보 점수 낮음,수요는 있으나 제약/공역 리스크 있음
205-2-000012,자혜,중원구,금광2동,93,C,0.4329335161233943,0.4329335161233943,0.4329335161233943,부적합,0.3152976631939651,0.5800220621700786,0.6962,0.0,0.0704763692597366,False,이상 없음,"종합 점수 낮음, 추가 검토 필요"
205-1-000064,모란2,중원구,성남동,94,C,0.4321258757226881,0.4321258757226881,0.4321258757226881,부적합,0.41945678293899247,0.7907059128154464,0.2959,0.0,0.27329046980358374,False,주차 후보 점수 낮음,수요는 있으나 제약/공역 리스크 있음
204-1-000006,수상11-1,수정구,수진1동,95,C,0.43206815995303693,0.43206815995303693,0.43206815995303693,부적합,0.5348865617099225,0.6682450802069392,0.2691,0.0,0.2104318660565858,False,주차 후보 점수 낮음,수요는 있으나 제약/공역 리스크 있음
205-1-000020,중상13,중원구,중앙동,96,C,0.429711192327868,0.429711192327868,0.429711192327868,부적합,0.5018605599394479,0.6438815225306133,0.3667,0.0,0.02829231432815784,False,주차 후보 점수 낮음,수요는 있으나 제약/공역 리스크 있음
206-2-000021,수내제2공영,분당구,수내3동,97,C,0.4291384940843609,0.4291384940843609,0.4291384940843609,부적합,0.29392397574923723,0.6872399671633971,0.6142,0.0,0.018102215625572706,False,수요권역 낮음,"종합 점수 낮음, 추가 검토 필요"
204-3-000001,수정구청 부설주차장,수정구,신흥2동,98,C,0.428977580427501,0.428977580427501,0.428977580427501,부적합,0.46307335962392027,0.5762699071409116,0.4769,0.0,0.07218855547802057,False,이상 없음,수요는 있으나 제약/공역 리스크 있음
205-1-000021,중상14,중원구,중앙동,99,C,0.42876880607137874,0.42876880607137874,0.42876880607137874,부적합,0.49738231349233597,0.6438815225306133,0.3692,0.0,0.02829231432815784,False,주차 후보 점수 낮음,수요는 있으나 제약/공역 리스크 있음
205-1-000026,중상1,중원구,성남동,100,C,0.42847986532970495,0.42847986532970495,0.42847986532970495,부적합,0.5020394215489066,0.7189061771896338,0.2375,0.0,0.27329046980358374,False,주차 후보 점수 낮음,수요는 있으나 제약/공역 리스크 있음
205-1-000027,중상2,중원구,성남동,101,C,0.42567254355978,0.42567254355978,0.42567254355978,부적합,0.5112352138978994,0.6943027808213441,0.238,0.0,0.27329046980358374,False,주차 후보 점수 낮음,수요는 있으나 제약/공역 리스크 있음
205-2-000021,상대원 제1,중원구,상대원1동,102,C,0.4251659427980017,0.4251659427980017,0.4251659427980017,부적합,0.26261506079680796,0.5463729002680329,0.7238,0.0,0.3141489290422145,False,수요권역 낮음,"종합 점수 낮음, 추가 검토 필요"
205-1-000051,중상68-69,중원구,성남동,103,C,0.42500990877305467,0.42500990877305467,0.42500990877305467,부적합,0.4807304402850413,0.6737589247324443,0.2986,0.0,0.27329046980358374,False,주차 후보 점수 낮음,수요는 있으나 제약/공역 리스크 있음
205-1-000047,중상50,중원구,하대원동,104,C,0.4242165702121174,0.4242165702121174,0.4242165702121174,부적합,0.37340363552499833,0.7998341279943094,0.3592,0.0,0.07533531559581219,False,주차 후보 점수 낮음,"종합 점수 낮음, 추가 검토 필요"
204-2-000033,복정 제6공영,수정구,복정동,105,C,0.42419937442025374,0.42419937442025374,0.42419937442025374,부적합,0.1930778823223007,0.7908393325757799,0.6156,0.0,0.1002456492700706,False,수요권역 낮음,"종합 점수 낮음, 추가 검토 필요"
204-2-000005,양지 제2,수정구,양지동,106,C,0.4224125926916994,0.4224125926916994,0.4224125926916994,부적합,0.27129520458975753,0.6552370843411369,0.6546,0.0,0.0,False,수요권역 낮음,"종합 점수 낮음, 추가 검토 필요"
204-2-000036,고등동공영주차장,수정구,고등동,107,C,0.42237483922706864,0.42237483922706864,0.42237483922706864,부적합,0.20646232387054397,0.7484822301214071,0.6503,0.0,0.008349366840529351,False,수요권역 낮음,"종합 점수 낮음, 추가 검토 필요"
205-2-000015,은행1동 제2,중원구,은행1동,108,C,0.4221332455659682,0.4221332455659682,0.4221332455659682,부적합,0.306990774413057,0.5787611485525176,0.6726,0.0,0.036923747665378856,False,이상 없음,"종합 점수 낮음, 추가 검토 필요"
205-2-000007,상대원 3동,중원구,상대원3동,109,C,0.4215716059189264,0.4215716059189264,0.4215716059189264,부적합,0.3150387845232113,0.6386005639689107,0.5851,0.0,0.10765780687149537,False,이상 없음,"종합 점수 낮음, 추가 검토 필요"
204-2-000037,복정제1공영주차장,수정구,복정동,110,C,0.41999289262868394,0.41999289262868394,0.41999289262868394,부적합,0.18687599374021807,0.8221960494244163,0.5761,0.0,0.1002456492700706,False,수요권역 낮음,"종합 점수 낮음, 추가 검토 필요"
205-1-000065,모란4,중원구,성남동,111,C,0.4188752250153267,0.4188752250153267,0.4188752250153267,부적합,0.4207095726867027,0.7749494043392063,0.2569,0.0,0.27329046980358374,False,주차 후보 점수 낮음,수요는 있으나 제약/공역 리스크 있음
205-1-000060,중상65,중원구,하대원동,112,C,0.41830861379287154,0.41830861379287154,0.41830861379287154,부적합,0.47656785539236124,0.721972394503018,0.269,0.0,0.07533531559581219,False,주차 후보 점수 낮음,수요는 있으나 제약/공역 리스크 있음
205-2-000009,금광2동 제2,중원구,금광2동,113,C,0.41706078275726594,0.41706078275726594,0.41706078275726594,부적합,0.32754324438485893,0.6063873150383141,0.5892,0.0,0.0704763692597366,False,이상 없음,"종합 점수 낮음, 추가 검토 필요"
205-1-000022,중상16,중원구,중앙동,114,C,0.4136477321464861,0.4136477321464861,0.4136477321464861,부적합,0.48946495942121415,0.6438815225306133,0.3198,0.0,0.02829231432815784,False,주차 후보 점수 낮음,수요는 있으나 제약/공역 리스크 있음
204-2-000038,신촌동공영주차장,수정구,신촌동,115,C,0.4118821559530255,0.4118821559530255,0.4118821559530255,부적합,0.10600480384984103,0.8133054328759294,0.6858,0.0,8.232773197673476e-05,False,수요권역 낮음,"종합 점수 낮음, 추가 검토 필요"
205-1-000049,중상66,중원구,하대원동,116,C,0.41131685322799516,0.41131685322799516,0.41131685322799516,부적합,0.4539485394927144,0.721972394503018,0.2727,0.0,0.07533531559581219,False,주차 후보 점수 낮음,수요는 있으나 제약/공역 리스크 있음
206-2-000018,운중동974공영주차장,분당구,운중동,117,C,0.41061519021385134,0.41061519021385134,0.41061519021385134,부적합,0.35157415981240836,0.7127212482606159,0.4368,0.0,0.003678444287088193,False,이상 없음,"종합 점수 낮음, 추가 검토 필요"
206-2-000010,수내동,분당구,수내3동,118,C,0.40984610646247294,0.40984610646247294,0.40984610646247294,부적합,0.2818028682581286,0.6872399671633971,0.554,0.0,0.018102215625572706,False,수요권역 낮음,"종합 점수 낮음, 추가 검토 필요"
206-3-000005,판교도서관,분당구,판교동,119,C,0.40869699968167106,0.40869699968167106,0.40869699968167106,부적합,0.33477988953591314,0.7549570833190521,0.4057,0.0,0.027195350286769077,False,이상 없음,"종합 점수 낮음, 추가 검토 필요"
205-2-000013,은행2동 제3,중원구,은행2동,120,C,0.40774105540807165,0.40774105540807165,0.40774105540807165,부적합,0.28772161808422825,0.49121149389203944,0.7368,0.0,0.0007123121116385898,False,수요권역 낮음,"종합 점수 낮음, 추가 검토 필요"
205-2-000008,금광1동 제1,중원구,금광1동,121,C,0.4066835878337658,0.4066835878337658,0.4066835878337658,부적합,0.319735040583646,0.47718262173194836,0.6931,0.0,0.04411336393005158,False,이상 없음,"종합 점수 낮음, 추가 검토 필요"
205-1-000050,중상67,중원구,하대원동,122,C,0.4029447699020551,0.4029447699020551,0.4029447699020551,부적합,0.47481401570431425,0.721972394503018,0.21,0.0,0.07533531559581219,False,주차 후보 점수 낮음,수요는 있으나 제약/공역 리스크 있음
205-2-000020,은행동 제9,중원구,은행2동,123,C,0.4027386875022388,0.4027386875022388,0.4027386875022388,부적합,0.2907784873262191,0.5149224053299208,0.6888,0.0,0.0007123121116385898,False,수요권역 낮음,"종합 점수 낮음, 추가 검토 필요"
205-2-000029,은행동 제10,중원구,은행2동,124,C,0.4006636971585506,0.4006636971585506,0.4006636971585506,부적합,0.28757588867819084,0.5167060820624076,0.6832,0.0,0.0007123121116385898,False,수요권역 낮음,"종합 점수 낮음, 추가 검토 필요"
205-1-000063,모란1,중원구,성남동,125,C,0.400171383656832,0.400171383656832,0.400171383656832,부적합,0.42369859737671783,0.7749494043392063,0.1779,0.0,0.27329046980358374,False,주차 후보 점수 낮음,수요는 있으나 제약/공역 리스크 있음
204-1-000003,수상7,중원구,중앙동,126,C,0.40006391640752026,0.40006391640752026,0.40006391640752026,부적합,0.48429691445274026,0.6438815225306133,0.2727,0.0,0.02829231432815784,False,주차 후보 점수 낮음,수요는 있으나 제약/공역 리스크 있음
205-1-000043,중상79하,중원구,상대원1동,127,C,0.3982377752350037,0.3982377752350037,0.3982377752350037,부적합,0.2479924689745924,0.7491318585671426,0.4338,0.0,0.3141489290422145,False,수요권역 낮음,"종합 점수 낮음, 추가 검토 필요"
205-1-000035,중상33,중원구,상대원1동,128,C,0.39769200118420345,0.39769200118420345,0.39769200118420345,부적합,0.2272768950302545,0.7926505658860147,0.4171,0.0,0.3141489290422145,False,수요권역 낮음,"종합 점수 낮음, 추가 검토 필요"
205-2-000018,은행동 제7,중원구,은행2동,129,C,0.3976374821485333,0.3976374821485333,0.3976374821485333,부적합,0.3049256944855471,0.49121149389203944,0.6723,0.0,0.0007123121116385898,False,이상 없음,"종합 점수 낮음, 추가 검토 필요"
205-2-000017,은행동 제6,중원구,은행2동,130,C,0.3940252977919199,0.3940252977919199,0.3940252977919199,부적합,0.2976051677523662,0.49121149389203944,0.6681,0.0,0.0007123121116385898,False,수요권역 낮음,"종합 점수 낮음, 추가 검토 필요"
205-1-000034,중상32-75,중원구,상대원1동,131,C,0.3921364813510657,0.3921364813510657,0.3921364813510657,부적합,0.25683558630821546,0.6090463187643183,0.5371,0.0,0.3141489290422145,False,수요권역 낮음,"종합 점수 낮음, 추가 검토 필요"
205-2-000019,은행동 제8,중원구,은행2동,132,C,0.39178755003918403,0.39178755003918403,0.39178755003918403,부적합,0.25729821459707447,0.5258902372985044,0.6809,0.0,0.0007123121116385898,False,수요권역 낮음,"종합 점수 낮음, 추가 검토 필요"
205-1-000046,중상48-49,중원구,하대원동,133,C,0.390546386811936,0.390546386811936,0.390546386811936,부적합,0.3750895302385018,0.6639931417946792,0.358,0.0,0.07533531559581219,False,주차 후보 점수 낮음,"종합 점수 낮음, 추가 검토 필요"
205-1-000013,중상24,중원구,금광2동,134,C,0.3886678775844756,0.3886678775844756,0.3886678775844756,부적합,0.37412200431223325,0.7112054304488282,0.3056,0.0,0.0704763692597366,False,주차 후보 점수 낮음,"종합 점수 낮음, 추가 검토 필요"
205-1-000014,중상25-26,중원구,금광2동,135,C,0.3851455099291167,0.3851455099291167,0.3851455099291167,부적합,0.3633438110112081,0.7112054304488282,0.3066,0.0,0.0704763692597366,False,주차 후보 점수 낮음,"종합 점수 낮음, 추가 검토 필요"
205-1-000037,중상36,중원구,상대원1동,136,C,0.383013798461575,0.383013798461575,0.383013798461575,부적합,0.25063612678685304,0.7453348305362631,0.373,0.0,0.3141489290422145,False,수요권역 낮음 | 주차 후보 점수 낮음,"종합 점수 낮음, 추가 검토 필요"
205-1-000039,중상40,중원구,상대원1동,137,C,0.3819849144327496,0.3819849144327496,0.3819849144327496,부적합,0.21370799330430457,0.8037186812965289,0.3622,0.0,0.3141489290422145,False,수요권역 낮음 | 주차 후보 점수 낮음,"종합 점수 낮음, 추가 검토 필요"
205-1-000024,중상21,중원구,중앙동,138,D,0.37941639509881375,0.37941639509881375,0.37941639509881375,부적합,0.43159851652728143,0.6408691943914293,0.2669,0.0,0.02829231432815784,False,주차 후보 점수 낮음,수요는 있으나 제약/공역 리스크 있음
205-1-000017,중상86-87,중원구,금광2동,139,D,0.378983510567862,0.378983510567862,0.378983510567862,부적합,0.33630407901375914,0.690613057800238,0.3404,0.0,0.0704763692597366,False,주차 후보 점수 낮음,"종합 점수 낮음, 추가 검토 필요"
205-1-000015,중상27,수정구,단대동,140,D,0.3789539576371089,0.3789539576371089,0.3789539576371089,부적합,0.3547486263828697,0.683794606654879,0.328,0.0,0.03686573478769389,False,주차 후보 점수 낮음,"종합 점수 낮음, 추가 검토 필요"
204-1-000002,수상5,중원구,금광2동,141,D,0.3773123484076812,0.3773123484076812,0.3773123484076812,부적합,0.36203477809282086,0.7112054304488282,0.2771,0.0,0.0704763692597366,False,주차 후보 점수 낮음,"종합 점수 낮음, 추가 검토 필요"
206-3-000008,수내도서관 부설주차장,분당구,수내3동,142,D,0.3759230469890942,0.3759230469890942,0.3759230469890942,부적합,0.28265262448698897,0.6760580705494775,0.4283,0.0,0.018102215625572706,False,수요권역 낮음,"종합 점수 낮음, 추가 검토 필요"
205-1-000036,중상34-35,중원구,상대원1동,143,D,0.3724670804168081,0.3724670804168081,0.3724670804168081,부적합,0.2171116518893464,0.7291822232137045,0.3939,0.0,0.3141489290422145,False,수요권역 낮음 | 주차 후보 점수 낮음,"종합 점수 낮음, 추가 검토 필요"
205-1-000023,중상19-20,중원구,중앙동,144,D,0.3717883172198333,0.3717883172198333,0.3717883172198333,부적합,0.4344468654444803,0.6408691943914293,0.2324,0.0,0.02829231432815784,False,주차 후보 점수 낮음,수요는 있으나 제약/공역 리스크 있음
205-1-000040,중상41,중원구,상대원1동,145,D,0.3695475194320367,0.3695475194320367,0.3695475194320367,부적합,0.20960115044512498,0.8037186812965289,0.3182,0.0,0.3141489290422145,False,수요권역 낮음 | 주차 후보 점수 낮음,"종합 점수 낮음, 추가 검토 필요"
205-1-000045,중상47-1,중원구,하대원동,146,D,0.36662355663933416,0.36662355663933416,0.36662355663933416,부적합,0.3538100154596393,0.6639931417946792,0.2921,0.0,0.07533531559581219,False,주차 후보 점수 낮음,"종합 점수 낮음, 추가 검토 필요"
205-1-000048,중상57-58,중원구,하대원동,147,D,0.36472034736621284,0.36472034736621284,0.36472034736621284,부적합,0.34508656039357843,0.6639931417946792,0.2967,0.0,0.07533531559581219,False,주차 후보 점수 낮음,"종합 점수 낮음, 추가 검토 필요"
205-1-000025,중상22-23,중원구,중앙동,148,D,0.36418120487089994,0.36418120487089994,0.36418120487089994,부적합,0.38999797301895645,0.6408691943914293,0.2642,0.0,0.02829231432815784,False,주차 후보 점수 낮음,"종합 점수 낮음, 추가 검토 필요"
205-1-000038,중상38-39,중원구,상대원1동,149,D,0.3639147229820241,0.3639147229820241,0.3639147229820241,부적합,0.2507106159826802,0.6770342437439011,0.3648,0.0,0.3141489290422145,False,수요권역 낮음 | 주차 후보 점수 낮음,"종합 점수 낮음, 추가 검토 필요"
205-1-000018,중상88,중원구,금광2동,150,D,0.3632509926474026,0.3632509926474026,0.3632509926474026,부적합,0.35023956141749263,0.6798733107531736,0.2687,0.0,0.0704763692597366,False,주차 후보 점수 낮음,"종합 점수 낮음, 추가 검토 필요"
204-1-000010,수상3,수정구,단대동,151,D,0.36284942003139853,0.36284942003139853,0.36284942003139853,부적합,0.3483785189379831,0.683794606654879,0.2725,0.0,0.03686573478769389,False,주차 후보 점수 낮음,"종합 점수 낮음, 추가 검토 필요"
204-1-000001,수상4,수정구,단대동,152,D,0.36251774031611356,0.36251774031611356,0.36251774031611356,부적합,0.35621657689431163,0.683794606654879,0.2602,0.0,0.03686573478769389,False,주차 후보 점수 낮음,"종합 점수 낮음, 추가 검토 필요"
204-1-000008,수상1-2,수정구,단대동,153,D,0.36046440060115936,0.36046440060115936,0.36046440060115936,부적합,0.31231322222755686,0.724745944328519,0.2725,0.0,0.03686573478769389,False,주차 후보 점수 낮음,"종합 점수 낮음, 추가 검토 필요"
205-1-000041,중상41-1,중원구,상대원1동,154,D,0.3543237022974354,0.3543237022974354,0.3543237022974354,부적합,0.20324738720340702,0.8037186812965289,0.2662,0.0,0.3141489290422145,False,수요권역 낮음 | 주차 후보 점수 낮음,"종합 점수 낮음, 추가 검토 필요"
205-1-000042,중상79상-중,중원구,금광1동,155,D,0.35031283289621495,0.35031283289621495,0.35031283289621495,부적합,0.3003185979049293,0.47718262173194836,0.4948,0.0,0.04411336393005158,False,이상 없음,"종합 점수 낮음, 추가 검토 필요"
205-1-000019,중상89,중원구,금광2동,156,D,0.3469041921800018,0.3469041921800018,0.3469041921800018,부적합,0.33643459790558716,0.690613057800238,0.2119,0.0,0.0704763692597366,False,주차 후보 점수 낮음,"종합 점수 낮음, 추가 검토 필요"
205-1-000044,중상83,중원구,상대원1동,157,D,0.3410472504018822,0.3410472504018822,0.3410472504018822,부적합,0.23392748398832963,0.6934607382154248,0.2804,0.0,0.3141489290422145,False,수요권역 낮음 | 주차 후보 점수 낮음,"종합 점수 낮음, 추가 검토 필요"
204-1-000012,산성대로589,중원구,은행2동,158,D,0.33866300661818494,0.33866300661818494,0.33866300661818494,부적합,0.2563920504939136,0.691760693358933,0.3038,0.0,0.0007123121116385898,False,수요권역 낮음 | 주차 후보 점수 낮음,"종합 점수 낮음, 추가 검토 필요"
205-1-000058,중상44-46,중원구,하대원동,159,D,0.33716780938179636,0.33716780938179636,0.33716780938179636,부적합,0.28353466881029316,0.5273556380736126,0.4093,0.0,0.07533531559581219,False,수요권역 낮음,"종합 점수 낮음, 추가 검토 필요"
204-1-000011,수상20,중원구,금광2동,160,D,0.3329378908389456,0.3329378908389456,0.3329378908389456,부적합,0.3010358642170189,0.5889060796000086,0.3073,0.0,0.0704763692597366,False,주차 후보 점수 낮음,"종합 점수 낮음, 추가 검토 필요"
205-1-000052,중상70-71,중원구,은행2동,161,D,0.32109923807538493,0.32109923807538493,0.32109923807538493,부적합,0.2719955689430565,0.691760693358933,0.2117,0.0,0.0007123121116385898,False,수요권역 낮음 | 주차 후보 점수 낮음,"종합 점수 낮음, 추가 검토 필요"
205-1-000016,중상31,중원구,금광2동,162,D,0.31551779256650353,0.31551779256650353,0.31551779256650353,부적합,0.28547844058147015,0.5889060796000086,0.2594,0.0,0.0704763692597366,False,수요권역 낮음 | 주차 후보 점수 낮음,"종합 점수 낮음, 추가 검토 필요"
204-1-000009,수상2,중원구,금광2동,163,D,0.3123520619669986,0.3123520619669986,0.3123520619669986,부적합,0.28021921029717034,0.5889060796000086,0.2541,0.0,0.0704763692597366,False,수요권역 낮음 | 주차 후보 점수 낮음,"종합 점수 낮음, 추가 검토 필요"
205-1-000062,중상43,중원구,하대원동,164,D,0.3107506904577617,0.3107506904577617,0.3107506904577617,부적합,0.28027552540695166,0.47614996314215197,0.3594,0.0,0.07533531559581219,False,수요권역 낮음 | 주차 후보 점수 낮음,"종합 점수 낮음, 추가 검토 필요"
205-1-000057,중상70-7-8,수정구,양지동,165,D,0.2991376040751452,0.2991376040751452,0.2991376040751452,부적합,0.272464163054062,0.7141005880248942,0.101,0.0,0.0,False,수요권역 낮음 | 주차 후보 점수 낮음,"종합 점수 낮음, 추가 검토 필요"
205-1-000059,중상60-63,중원구,하대원동,166,D,0.28368910461662344,0.28368910461662344,0.28368910461662344,부적합,0.26252813728941377,0.47614996314215197,0.276,0.0,0.07533531559581219,False,수요권역 낮음 | 주차 후보 점수 낮음,"종합 점수 낮음, 추가 검토 필요"
204-1-000007,수상1,중원구,금광2동,167,D,0.28298789083894554,0.28298789083894554,0.28298789083894554,부적합,0.3010358642170189,0.5889060796000086,0.1075,0.0,0.0704763692597366,False,주차 후보 점수 낮음,"종합 점수 낮음, 추가 검토 필요"
205-1-000054,중상70-2,중원구,은행2동,168,D,0.2672890241016047,0.2672890241016047,0.2672890241016047,부적합,0.2625729572086084,0.49121149389203944,0.2102,0.0,0.0007123121116385898,False,수요권역 낮음 | 주차 후보 점수 낮음,"종합 점수 낮음, 추가 검토 필요"
205-1-000056,중상70-6,중원구,은행2동,169,D,0.2670696962677636,0.2670696962677636,0.2670696962677636,부적합,0.256093028990228,0.5167060820624076,0.1929,0.0,0.0007123121116385898,False,수요권역 낮음 | 주차 후보 점수 낮음,"종합 점수 낮음, 추가 검토 필요"
205-1-000053,중상70-1,중원구,은행2동,170,D,0.2644026719471474,0.2644026719471474,0.2644026719471474,부적합,0.2550405224815875,0.49121149389203944,0.2092,0.0,0.0007123121116385898,False,수요권역 낮음 | 주차 후보 점수 낮음,"종합 점수 낮음, 추가 검토 필요"
205-1-000055,중상70-4-5,중원구,은행2동,171,D,0.24898505364198395,0.24898505364198395,0.24898505364198395,부적합,0.27163690720228606,0.5167060820624076,0.0988,0.0,0.0007123121116385898,False,수요권역 낮음 | 주차 후보 점수 낮음,"종합 점수 낮음, 추가 검토 필요"
