h3_index,lat,lon,ADM_NM,GU_NM,CSV_ADMI_CD,Ds,demand_grade,Ra,Ra_grade,Ra_percentile,total_walk_length,robot_walk_length,n_crossings,avg_robot_weight,ratio_footway,has_crossing,ratio_footway_norm,walk_density_norm
8830e1cd21fffff,37.45509212806639,127.17157452465692,은행2동,중원구,41133560,0.28440447622504966,C,0.3341265858854018,C,49.82332155477032,10296.5,4848.7,0,0.5093,0.4709,0.0,0.5428655090761947,0.38993460751641296
8830e15349fffff,37.39909263329149,127.10650615542404,삼평동,분당구,41135655,0.458371381575248,A,0.39502676842029594,B,77.3851590106007,13034.8,6980.5,0,0.766,0.5355,0.0,0.6173380337870085,0.4936385163516417
8830e1523dfffff,37.4150981719387,127.16029604677726,도촌동,중원구,41133670,0.2853938536924451,C,0.3309136754635709,C,48.76325088339223,13873.6,5213.8,0,0.5923,0.3758,0.0,0.43323180783782966,0.5254031744281301
8830e1c991fffff,37.43233357638169,127.11454830250773,고등동,수정구,41131640,0.24694815124964348,C,0.2779438492846459,C,31.448763250883395,111.4,66.8,0,0.6,0.6,0.0,0.6916952759518302,0.004219129679712726
8830e1cd07fffff,37.468567900697174,127.17797591376277,은행2동,중원구,41133560,0.28440447622504966,C,0.35811840528793243,B,66.78445229681978,3978.0,2699.4,0,0.6833,0.6786,0.0,0.78230735710152,0.15065154149108148
8830e1c90bfffff,37.42847975434967,127.04348710360114,고등동,수정구,41131640,0.24694815124964348,C,0.0,D,4.946996466431095,0.0,0.0,0,0.0,0.0,0.0,0.0,0.0
8830e15223fffff,37.40836347437733,127.1571003444401,야탑3동,분당구,41135640,0.2899265421066042,C,0.381097819140919,B,74.91166077738515,6670.4,4416.2,0,0.5833,0.6621,0.0,0.7632857370128446,0.25261174778593704
8830e026c5fffff,37.38307950511591,127.05279543328538,운중동,분당구,41135680,0.34365185828235756,B,0.340520266672331,B,54.06360424028268,2745.7,1841.7,0,0.65,0.6708,0.0,0.7733153185141461,0.10398046422224172
8830e15315fffff,37.381429344442296,127.14432589482182,서현1동,분당구,41135580,0.46286517016966955,A,0.4294242418063987,A,83.03886925795054,2589.9,2314.5,0,0.65,0.8937,0.0,1.0,0.09808080602132895
8830e1c9abfffff,37.41170752638031,127.09708636950418,시흥동,수정구,41131650,0.2292619362013324,D,0.6090766799635939,A,90.45936395759718,4300.7,2426.9,5,0.6243,0.5643,1.0,0.6505394070326963,0.16286972383505144
8830e1c9e3fffff,37.41758740012557,127.08448012706098,시흥동,수정구,41131650,0.2292619362013324,D,0.0,D,4.946996466431095,0.0,0.0,0,0.0,0.0,0.0,0.0,0.0
8830e15209fffff,37.43403435078751,127.14616358120144,성남동,중원구,41133510,0.5129422940779669,A,0.2396516478386427,C,21.20141342756184,2662.8,1209.2,0,0.4636,0.4541,0.0,0.5234980413495435,0.10084143766275096
8830e026abfffff,37.36459122790785,127.07480597540216,운중동,분당구,41135680,0.34365185828235756,B,0.3320401458097866,C,49.11660777385159,2060.1,1378.9,0,0.65,0.6693,0.0,0.7715860803242666,0.07801904560026647
8830e15257fffff,37.44119434546412,127.15726700182977,중앙동,중원구,41133525,0.30288367892621654,C,0.3974268931023895,B,78.09187279151944,7807.3,5227.3,0,0.5842,0.6695,0.0,0.7718166454162505,0.29566744978629755
8830e15367fffff,37.36670335314137,127.11425767848004,정자동,분당구,41135545,0.4300143748335851,B,0.769819440268305,A,96.46643109540636,11946.8,8655.3,3,0.6811,0.7245,1.0,0.835222045711835,0.45243540661190357
8830e1c8bdfffff,37.45927422405952,127.12731345966716,복정동,수정구,41131620,0.2465699214638441,C,0.7343071910063773,A,95.40636042402826,10460.9,7156.0,3,0.6127,0.6841,1.0,0.7886478971310785,0.39616010717981975
8830e02691fffff,37.38520537596634,127.09224141456379,판교동,분당구,41135650,0.29816322204591883,C,0.3985361943058175,B,78.79858657243817,4743.1,3544.9,0,0.5364,0.7474,0.0,0.8616217487439964,0.1796249826940631
8830e02493fffff,37.34146060287655,127.1330819594632,구미동,분당구,41135670,0.3326673998045227,B,0.1595440667124409,D,10.954063604240282,1866.4,559.9,0,0.3,0.3,0.0,0.3458476379759151,0.07068337174024947
8830e152e1fffff,37.42309806551474,127.18722070596706,도촌동,중원구,41133670,0.2853938536924451,C,0.24266274149782296,C,21.908127208480565,9182.4,2754.7,0,0.3,0.3,0.0,0.3458476379759151,0.34774562102485645
8830e1525bfffff,37.454242731938216,127.15575164883666,단대동,수정구,41131590,0.28434893207380113,C,0.3776163040185309,B,72.79151943462897,8324.3,5109.9,0,0.6,0.6138,0.0,0.7076042672987223,0.31524865699680665
8830e1cd25fffff,37.44835493838841,127.16837508739248,금광2동,중원구,41133540,0.37356612814517376,B,0.31820489614496084,C,43.109540636042404,7364.9,3745.8,0,0.5118,0.5086,0.0,0.5863270289151682,0.27891361526297853
8830e1534dfffff,37.39236066559045,127.10331984012782,백현동,분당구,41135657,0.45376362521388297,B,0.7014242504345148,A,93.63957597173145,12818.6,7111.1,1,0.6,0.5547,1.0,0.639472282617467,0.4854511246250932
8830e1c8a3fffff,37.45253836446103,127.12412091674233,복정동,수정구,41131620,0.2465699214638441,C,0.3895158115420343,B,76.67844522968198,18788.2,7172.4,0,0.55,0.3818,0.0,0.4401487605973479,0.7115210243436503
8830e152c7fffff,37.43657157934823,127.19362402579569,상대원1동,중원구,41133570,0.2265850361917555,D,0.16414280074786447,D,12.014134275618375,2271.2,681.4,0,0.3,0.3,0.0,0.3458476379759151,0.08601248519166144
8830e15241fffff,37.43991995453398,127.13354605039135,수진1동,수정구,41131570,0.3742992232065798,B,0.4170368543091858,A,80.91872791519434,16092.4,8173.7,0,0.5213,0.5079,0.0,0.5855200510932244,0.6094294462396536
8830e1c995fffff,37.42559957793463,127.11135910158161,시흥동,수정구,41131650,0.2292619362013324,D,0.3079757279531309,C,39.57597173144876,2754.8,1652.9,0,0.6,0.6,0.0,0.6916952759518302,0.10432539190799593
8830e026e3fffff,37.370472042473494,127.06221188361745,운중동,분당구,41135680,0.34365185828235756,B,0.36219943646484,B,67.84452296819788,3468.7,2428.1,0,0.7,0.7,0.0,0.8069778219438019,0.1313610256243975
8830e15333fffff,37.36880391227834,127.15374059235303,분당동,분당구,41135510,0.25547859328212585,C,0.3754472926088609,B,71.02473498233216,4634.7,3244.3,0,0.7,0.7,0.0,0.8069778219438019,0.17552054610446716
8830e15227fffff,37.40162924264492,127.15390547838425,야탑3동,분당구,41135640,0.2899265421066042,C,0.259271758448685,C,27.56183745583039,3184.3,1540.6,0,0.5353,0.4838,0.0,0.5577369575091591,0.12058991815007118
8830e026c9fffff,37.3961122051004,127.0512638053279,운중동,분당구,41135680,0.34365185828235756,B,0.0,D,4.946996466431095,0.0,0.0,0,0.0,0.0,0.0,0.0,0.0
8830e024cbfffff,37.352400491801845,127.09210721615968,구미1동,분당구,41135665,0.34185927345280975,B,0.22340227880684768,D,17.6678445229682,4609.5,1709.6,0,0.45,0.3709,0.0,0.42758296308422306,0.1745636452438615
8830e15319fffff,37.3944741670243,127.14280972341047,이매1동,분당구,41135600,0.2805467112355271,C,0.35207640035741783,B,64.31095406360424,6530.9,3935.6,0,0.6333,0.6026,0.0,0.6946926221476215,0.24733117166123061
8830e1c9e7fffff,37.41085523442221,127.0812964518039,시흥동,수정구,41131650,0.2292619362013324,D,0.0,D,4.946996466431095,0.0,0.0,0,0.0,0.0,0.0,0.0,0.0
8830e1520dfffff,37.42729915399675,127.14296923197507,하대원동,중원구,41133660,0.2609272515073311,C,0.37564485524305385,B,71.37809187279152,19166.4,6563.3,0,0.3882,0.3424,0.0,0.39472743747651107,0.7258462675081647
8830e1536bfffff,37.379743720067616,127.1127367758176,수내1동,분당구,41135520,0.8298987264166263,A,0.8727123907986083,A,99.29328621908127,30416.6,17989.1,1,0.7358,0.5914,1.0,0.6817809769965207,1.0
8830e02695fffff,37.37847464230491,127.08905805027986,판교동,분당구,41135650,0.29816322204591883,C,0.18199208735585398,D,13.427561837455832,3842.3,1152.7,0,0.3,0.3,0.0,0.3458476379759151,0.14551010721829313
8830e152e5fffff,37.4163620062641,127.18402030314853,도촌동,중원구,41133670,0.2853938536924451,C,0.30365284499932116,C,38.869257950530034,4330.6,2389.5,0,0.5667,0.5518,0.0,0.6361290887836998,0.16400403161947083
8830e0268dfffff,37.377201406522644,127.06539056516498,운중동,분당구,41135680,0.34365185828235756,B,0.3659503677556211,B,69.6113074204947,3798.8,2659.2,0,0.7,0.7,0.0,0.8069778219438019,0.14386412992700118
8830e1c9b3fffff,37.412982494417925,127.12078062231151,야탑1동,분당구,41135620,0.7196853984687459,A,0.8421533506693953,A,97.87985865724382,14299.4,11773.8,8,0.77,0.8234,1.0,0.949236483697895,0.5415291906341243
8830e1c8b9fffff,37.46601054844003,127.1305068388629,복정동,수정구,41131620,0.2465699214638441,C,0.3225602246377224,C,44.522968197879855,13799.9,4960.8,0,0.4864,0.3595,0.0,0.41444075284113824,0.5226130783375569
8830e1cd29fffff,37.46140501798993,127.16686144693657,양지동,수정구,41131610,0.22666966419906892,D,0.3548261280363172,B,65.01766784452296,10661.3,5402.8,0,0.5314,0.5068,0.0,0.5842519430873127,0.4037511693379737
8830e15351fffff,37.400363023526324,127.13020019343577,야탑3동,분당구,41135640,0.2899265421066042,C,0.676559628162966,A,91.87279151943463,6802.6,4415.2,1,0.5978,0.649,1.0,0.7481837234878964,0.257620462559358
8830e1c8a7fffff,37.44580296984704,127.12092920977979,태평1동,수정구,41131540,0.327805441111458,B,0.38862217671144117,B,76.32508833922262,5530.5,3907.1,0,0.64,0.7065,0.0,0.8144711874332801,0.20944567246043036
8830e152cbfffff,37.44962464727986,127.19211491976536,상대원1동,중원구,41133570,0.2265850361917555,D,0.35095054246583357,B,62.544169611307424,2478.6,1735.0,0,0.7,0.7,0.0,0.8069778219438019,0.09386471229437601
8830e15245fffff,37.43318489116069,127.13035344006173,성남동,중원구,41133510,0.5129422940779669,A,0.4239617296733801,A,81.97879858657244,16965.7,8507.2,0,0.572,0.5014,0.0,0.578026685603746,0.642503518106272
8830e15363fffff,37.373434353458165,127.11744451349315,수내1동,분당구,41135520,0.8298987264166263,A,0.7588654015555905,A,96.113074204947,12159.7,8456.8,1,0.6969,0.6955,1.0,0.8017901073741632,0.46049786201975035
8830e15047fffff,37.38942242509742,127.17122706530427,서현1동,분당구,41135580,0.46286517016966955,A,0.34430404631517214,B,56.8904593639576,1893.5,1325.5,0,0.7,0.7,0.0,0.8069778219438019,0.0717097251255047
8830e1c999fffff,37.43864138804225,127.10983635923402,고등동,수정구,41131640,0.24694815124964348,C,0.0,D,4.946996466431095,0.0,0.0,0,0.0,0.0,0.0,0.0,0.0
8830e1c913fffff,37.42976852052188,127.06716291163741,고등동,수정구,41131640,0.24694815124964348,C,0.3270036275073107,C,46.28975265017668,2063.3,1358.3,0,0.65,0.6583,0.0,0.7589050002651497,0.07813875800416933
8830e026e7fffff,37.363743146069815,127.05903403328095,운중동,분당구,41135680,0.34365185828235756,B,0.0,D,4.946996466431095,0.0,0.0,0,0.0,0.0,0.0,0.0,0.0
8830e15337fffff,37.362071880918485,127.15054816748868,분당동,분당구,41135510,0.25547859328212585,C,0.6387563339003304,A,91.16607773851591,8983.0,4610.9,1,0.5067,0.5133,1.0,0.5917453085767908,0.3401940348987137
8830e1522bfffff,37.41467596448598,127.1523904615903,도촌동,중원구,41133670,0.2853938536924451,C,0.32314076236642203,C,44.87632508833922,7121.5,3740.7,0,0.5936,0.5253,0.0,0.6055792140958274,0.26969692242697024
8830e026cdfffff,37.38938234246297,127.04808647942949,운중동,분당구,41135680,0.34365185828235756,B,0.0,D,4.946996466431095,0.0,0.0,0,0.0,0.0,0.0,0.0,0.0
8830e1531dfffff,37.387741166896824,127.13961781505046,서현1동,분당구,41135580,0.46286517016966955,A,0.28735805122288655,C,33.215547703180206,7945.5,3395.6,0,0.4789,0.4274,0.0,0.4927176015696871,0.30090336865003897
8830e1c9ebfffff,37.42389259162775,127.07976898170709,시흥동,수정구,41131650,0.2292619362013324,D,0.0,D,4.946996466431095,0.0,0.0,0,0.0,0.0,0.0,0.0,0.0
8830e15211fffff,37.43530505757289,127.16988817456252,상대원1동,중원구,41133570,0.2265850361917555,D,0.24960225609443393,C,23.674911660777383,4455.9,1922.5,0,0.45,0.4315,0.0,0.4974441859553579,0.16874860570763586
8830e1cd61fffff,37.467291316384795,127.1542357417619,위례동,수정구,41131625,0.46287014847446417,A,0.5061079639097619,A,88.33922261484098,9339.5,8264.8,0,0.9398,0.8849,0.0,1.0,0.3536932130325397
8830e026b3fffff,37.36585988928849,127.09847325192997,금곡동,분당구,41135662,0.3352825633228366,B,0.38005036927006863,B,74.55830388692578,6143.9,4133.9,0,0.6143,0.6728,0.0,0.7756209694339856,0.23267327165491467
8830e15303fffff,37.381008633285695,127.13642674169367,서현1동,분당구,41135580,0.46286517016966955,A,0.3380027914714151,B,52.65017667844523,9923.3,4847.0,0,0.4586,0.4885,0.0,0.5631552371707818,0.3758023220103413
8830e1c9d1fffff,37.44452072330446,127.09722316476697,신촌동,수정구,41131630,0.17434483147037586,D,0.38594264123625144,B,75.97173144876325,5558.5,3891.0,0,0.7,0.7,0.0,0.8069778219438019,0.21050504152910218
8830e02699fffff,37.391512025342706,127.08753263276262,판교동,분당구,41135650,0.29816322204591883,C,0.6359935931025061,A,90.81272084805654,7777.9,4176.8,4,0.5915,0.537,1.0,0.619067271976888,0.29455561437250294
8830e0249bfffff,37.34777218286112,127.12837661909114,구미동,분당구,41135670,0.3326673998045227,B,0.34464183463338,B,57.95053003533569,1923.3,1346.3,0,0.7,0.7,0.0,0.8069778219438019,0.07283568618619747
8830e152e9fffff,37.429413179784085,127.18251003438645,상대원1동,중원구,41133570,0.2265850361917555,D,0.22377308518179873,D,18.551236749116608,7519.8,2255.9,0,0.3,0.3,0.0,0.3458476379759151,0.2847800999714422
8830e02613fffff,37.38265294710988,127.04490998460307,운중동,분당구,41135680,0.34365185828235756,B,0.23815915680491556,C,20.848056537102476,5567.4,2111.8,0,0.4091,0.3793,0.0,0.4372666969475487,0.2108415934196536
8830e15263fffff,37.42056442267307,127.13977571889369,도촌동,중원구,41133670,0.2853938536924451,C,0.15678550417823736,D,10.60070671378092,1623.6,487.1,0,0.3,0.3,0.0,0.3458476379759151,0.061488163292904366
8830e1c9b7fffff,37.40624929396947,127.1175913531137,삼평동,분당구,41135655,0.458371381575248,A,0.411821252170685,A,80.56537102473497,14882.4,7834.5,0,0.6392,0.5264,0.0,0.606847322101739,0.563607744433298
8830e1cd2dfffff,37.454667662505564,127.16366246093604,은행2동,중원구,41133560,0.28440447622504966,C,0.36058255478204493,B,67.49116607773851,10977.2,5615.0,0,0.5179,0.5115,0.0,0.5896702227489352,0.41571488560823605
8830e1c931fffff,37.409573331425094,127.05762095156747,시흥동,수정구,41131650,0.2292619362013324,D,0.0,D,4.946996466431095,0.0,0.0,0,0.0,0.0,0.0,0.0,0.0
8830e15355fffff,37.393630156092144,127.12701002185142,이매1동,분당구,41135600,0.2805467112355271,C,0.8339168558995829,A,97.52650176678446,17596.7,12744.7,3,0.65,0.7243,1.0,0.8349914806198511,0.6664008788388078
8830e1c8abfffff,37.458846672434696,127.11940761786323,복정동,수정구,41131620,0.2465699214638441,C,0.3020202103766811,C,38.16254416961131,9256.4,3951.1,0,0.4379,0.4269,0.0,0.4921411888397272,0.35054578280263404
8830e15249fffff,37.44622945842601,127.12883372758104,태평1동,수정구,41131540,0.327805441111458,B,0.4258826719332123,A,82.68551236749117,14679.2,8247.5,0,0.5352,0.5619,0.0,0.647772625928889,0.5559120718721889
8830e1c9c5fffff,37.43019718586896,127.07505734949474,고등동,수정구,41131640,0.24694815124964348,C,0.19580744963881755,D,14.487632508833922,1880.2,711.4,0,0.44,0.3783,0.0,0.436113871487629,0.07120633681255317
8830e1504bfffff,37.40247106820838,127.169715249927,야탑3동,분당구,41135640,0.2899265421066042,C,0.2579670550470973,C,26.855123674911663,4672.6,2076.2,0,0.5,0.4443,0.0,0.5122003518423303,0.176956381033884
8830e1c99dfffff,37.431907223916255,127.10664761008464,고등동,수정구,41131640,0.24694815124964348,C,0.0,D,4.946996466431095,0.0,0.0,0,0.0,0.0,0.0,0.0,0.0
8830e1c917fffff,37.42303632447651,127.06398142577653,고등동,수정구,41131640,0.24694815124964348,C,0.29491921691107664,C,36.39575971731448,6423.4,3091.4,0,0.42,0.4813,0.0,0.5548548938593598,0.2432575312244424
8830e026ebfffff,37.37677607171805,127.05750390134416,운중동,분당구,41135680,0.34365185828235756,B,0.15185533226508527,D,10.247349823321555,1189.7,356.9,0,0.3,0.3,0.0,0.3458476379759151,0.04505425691573076
8830e1533bfffff,37.375116926167784,127.14903348725197,서현1동,분당구,41135580,0.46286517016966955,A,0.42089580470222293,A,81.2720848056537,6824.8,5081.6,0,0.6706,0.7446,0.0,0.8583938374562213,0.2584608990657813
8830e1c983fffff,37.4251735254627,127.1034596956185,시흥동,수정구,41131650,0.2292619362013324,D,0.25749450270576757,C,26.148409893992934,3551.4,1672.4,0,0.4385,0.4709,0.0,0.5428655090761947,0.1344943302509657
8830e026d1fffff,37.39739230253543,127.07493160014046,운중동,분당구,41135680,0.34365185828235756,B,0.3435016801982923,B,56.53710247349824,1822.9,1276.0,0,0.7,0.7,0.0,0.8069778219438019,0.06903517140257187
8830e024d3fffff,37.35366319257715,127.11577802623792,금곡동,분당구,41135662,0.3352825633228366,B,0.488203882630838,A,87.27915194346289,11417.9,8876.5,0,0.6057,0.7774,0.0,0.896206512541588,0.43240425871400956
8830e15321fffff,37.36081383356676,127.12685852856524,정자3동,분당구,41135570,0.2978596732733048,C,0.3448580834693706,B,58.657243816254415,6102.6,3646.0,0,0.5258,0.5975,0.0,0.688813212302031,0.23110932849519392
8830e15215fffff,37.428568963738954,127.16668996152974,상대원1동,중원구,41133570,0.2265850361917555,D,0.2435739802762554,C,22.261484098939928,2788.8,1281.5,0,0.5,0.4595,0.0,0.52972329883311,0.105615535810038
8830e1cd65fffff,37.46055409422793,127.15103849639532,위례동,수정구,41131625,0.46287014847446417,A,0.2764318495645923,C,30.03533568904594,4264.4,2108.3,0,0.4333,0.4944,0.0,0.5699569073843082,0.16149695536956354
8830e026b7fffff,37.35912995672263,127.0952898178641,금곡동,분당구,41135662,0.3352825633228366,B,0.3493195446349998,B,61.83745583038869,2335.0,1634.5,0,0.7,0.7,0.0,0.8069778219438019,0.0884280528582636
8830e15307fffff,37.37427656639261,127.13323650303231,서현2동,분당구,41135590,0.418974930376502,B,0.39854331678775085,B,79.15194346289752,8445.4,5541.7,0,0.6127,0.6562,0.0,0.7564840667993183,0.31983230022674497
8830e1c9d5fffff,37.437786693858236,127.09403615422343,고등동,수정구,41131640,0.24694815124964348,C,0.32952205111198085,C,48.409893992932865,5211.4,3054.9,0,0.5,0.5862,0.0,0.6757862846049382,0.1973584575666852
8830e0269dfffff,37.38478112515867,127.08434971993373,운중동,분당구,41135680,0.34365185828235756,B,0.0,D,4.946996466431095,0.0,0.0,0,0.0,0.0,0.0,0.0,0.0
8830e152edfffff,37.422676953796966,127.17931008217046,도촌동,중원구,41133670,0.2853938536924451,C,0.24101475136376385,C,21.554770318021202,8120.1,2619.3,0,0.3455,0.3226,0.0,0.3719014933701007,0.30751384671907855
8830e02617fffff,37.37592401924173,127.04173432054215,운중동,분당구,41135680,0.34365185828235756,B,0.0,D,4.946996466431095,0.0,0.0,0,0.0,0.0,0.0,0.0,0.0
8830e15267fffff,37.41383015701872,127.13658304164883,야탑3동,분당구,41135640,0.2899265421066042,C,0.3470940714284704,B,59.36395759717315,8783.4,4710.8,0,0.5531,0.5363,0.0,0.6182602941549442,0.3326331792216422
8830e15069fffff,37.38226937542981,127.16012794780804,서현1동,분당구,41135580,0.46286517016966955,A,0.30814359386983425,C,39.92932862190813,2473.3,1502.1,0,0.55,0.6073,0.0,0.7001109018092441,0.09366411048712203
8830e1c9bbfffff,37.4192913347004,127.11607010565325,시흥동,수정구,41131650,0.2292619362013324,D,0.4481195468122612,A,83.74558303886926,9789.3,7151.7,0,0.6607,0.7306,0.0,0.8422542810173453,0.37072611468441014
8830e1c935fffff,37.40284253482139,127.05444196260497,시흥동,수정구,41131650,0.2292619362013324,D,0.38266609963710707,B,75.26501766784452,5270.1,3689.1,0,0.7,0.7,0.0,0.8069778219438019,0.19958323619862106
8830e15359fffff,37.40667305729171,127.12549065156837,야탑2동,분당구,41135630,0.3576010326362412,B,0.5629279657103696,A,89.04593639575971,17134.6,13683.3,0,0.7327,0.7986,0.0,0.920646412291886,0.6488980026453839
8830e02683fffff,37.37805069205754,127.08116763963528,판교동,분당구,41135650,0.29816322204591883,C,0.2837867018158556,C,32.15547703180212,3434.4,1823.1,0,0.5,0.5308,0.0,0.6119197541253859,0.13006266721900403
8830e1524dfffff,37.43949422933127,127.12564156885806,태평1동,수정구,41131540,0.327805441111458,B,0.7133333339040062,A,94.34628975265018,13327.0,7569.9,1,0.5851,0.568,1.0,0.6548048612343992,0.5047046313674886
8830e1c9a1fffff,37.40497522615482,127.09390095724054,삼평동,분당구,41135655,0.458371381575248,A,0.3152461472522545,C,42.04946996466431,772.7,513.6,0,0.6857,0.6646,0.0,0.7661678006626439,0.029263423290656523
8830e1c895fffff,37.47274733740001,127.13370105463832,위례동,수정구,41131625,0.46287014847446417,A,0.35114060054655954,B,63.25088339222616,7154.8,4186.8,0,0.6033,0.5852,0.0,0.6746334591450185,0.270957389628507
8830e15233fffff,37.41594119307026,127.17611096756112,도촌동,중원구,41133670,0.2853938536924451,C,0.3782553123533536,B,73.14487632508833,4881.9,3417.3,0,0.7,0.7,0.0,0.8069778219438019,0.18488061191944277
8830e026a7fffff,37.351556381701485,127.07633291584042,구미1동,분당구,41135665,0.34185927345280975,B,0.14048433031013569,D,9.89399293286219,188.8,56.6,0,0.3,0.3,0.0,0.3458476379759151,0.0071509170658987644
8830e1c987fffff,37.418440292883474,127.1002726155276,시흥동,수정구,41131650,0.2292619362013324,D,0.31870156656893,C,43.46289752650176,7477.6,3790.6,0,0.5125,0.5069,0.0,0.5843672256333046,0.2831822543853605
8830e026d5fffff,37.390661536754465,127.07175042311968,운중동,분당구,41135680,0.34365185828235756,B,0.3116837829473331,C,40.63604240282685,5987.3,3163.5,0,0.6162,0.5284,0.0,0.6091529730215784,0.22674197912900587
8830e024d7fffff,37.34693329456015,127.11259240697711,구미1동,분당구,41135665,0.34185927345280975,B,0.8520547077478857,A,98.58657243816255,13539.3,11692.1,5,0.8187,0.8636,1.0,0.9955800671866677,0.5127422695773952
8830e15325fffff,37.354083168036745,127.12367079214458,정자3동,분당구,41135570,0.2978596732733048,C,0.32853675281823497,C,47.349823321554766,4491.5,2703.2,0,0.5667,0.6018,0.0,0.6937703617796858,0.17009536035453557
8830e15219fffff,37.44161821340599,127.16517648790801,상대원3동,중원구,41133590,0.32730044366975636,B,0.3760435121194869,B,71.73144876325088,11623.7,6150.2,0,0.5149,0.5291,0.0,0.6099599508435223,0.44019843927359326
8830e1cd69fffff,37.473602245737645,127.1495216490197,위례동,수정구,41131625,0.46287014847446417,A,0.4588815956279194,A,84.80565371024736,7716.8,6212.3,0,0.8527,0.805,0.0,0.9280244952353722,0.29223932511256834
8830e1c8e7fffff,37.45799017828862,127.10359968993596,신촌동,수정구,41131630,0.17434483147037586,D,0.3290611635286933,C,48.0565371024735,6741.6,3690.9,0,0.5071,0.5475,0.0,0.6311719393060451,0.2553079593542509
8830e026bbfffff,37.37216756361337,127.09376589427467,금곡동,분당구,41135662,0.3352825633228366,B,0.1966187017797303,D,14.840989399293287,3112.5,1088.3,0,0.5,0.3497,0.0,0.4031430633339251,0.11787158815386749
8830e1530bfffff,37.38731969270269,127.13171862537848,서현1동,분당구,41135580,0.46286517016966955,A,0.2732435188494687,C,28.975265017667844,1020.9,579.3,0,0.5444,0.5674,0.0,0.6541131659584475,0.038660841553632266
8830e1c9d9fffff,37.4508265763027,127.09251021092254,신촌동,수정구,41131630,0.17434483147037586,D,0.3366282292765934,B,52.29681978798587,1217.9,852.5,0,0.7,0.7,0.0,0.8069778219438019,0.04612366833024229
8830e026a1fffff,37.35786219726093,127.07162639085391,운중동,분당구,41135680,0.34365185828235756,B,0.21982733035010965,D,16.96113074204947,7172.5,2151.7,0,0.3,0.3,0.0,0.3458476379759151,0.271627583865812
8830e0261bfffff,37.38895502228964,127.04020099708134,운중동,분당구,41135680,0.34365185828235756,B,0.16399187323734385,D,11.66077738515901,2257.9,677.4,0,0.3,0.3,0.0,0.3458476379759151,0.08550939348992603
8830e1526bfffff,37.42687495553977,127.13506482340294,하대원동,중원구,41133660,0.2609272515073311,C,0.22357308033597872,D,18.021201413427562,6556.5,2119.7,0,0.3421,0.3233,0.0,0.3727084711920445,0.24829897286386984
8830e1506dfffff,37.37553641051604,127.15693385235684,분당동,분당구,41135510,0.25547859328212585,C,0.35793287259197726,B,66.43109540636041,3093.1,2165.2,0,0.7,0.7,0.0,0.8069778219438019,0.1171391460481883
8830e1cd35fffff,37.455939663196645,127.18740240694376,상대원1동,중원구,41133570,0.2265850361917555,D,0.3643499519420791,B,68.90459363957598,3658.0,2560.6,0,0.7,0.7,0.0,0.8069778219438019,0.13852941054852788
8830e1c939fffff,37.41587606953246,127.05291015519572,고등동,수정구,41131640,0.24694815124964348,C,0.34249168069513813,B,55.12367491166078,1734.0,1213.8,0,0.7,0.7,0.0,0.8069778219438019,0.06566850639205793
8830e1535dfffff,37.39994002324932,127.1223009311005,이매2동,분당구,41135610,0.21377598534055747,D,0.4655288470266178,A,85.15901060070671,12592.0,8805.8,0,0.6667,0.6993,0.0,0.8061708441218581,0.476868364592915
8830e1c8b3fffff,37.460127935198955,127.14312889893718,복정동,수정구,41131620,0.2465699214638441,C,0.22642403373568346,D,19.081272084805654,3422.4,1391.8,0,0.4111,0.4067,0.0,0.46885411454934894,0.1296079597198129
8830e02687fffff,37.37132072624031,127.07798639156036,운중동,분당구,41135680,0.34365185828235756,B,0.34817603797530916,B,60.42402826855123,3979.6,2614.6,0,0.65,0.657,0.0,0.7574063271672541,0.15071169036135834
8830e15251fffff,37.447506139960794,127.15255478932345,신흥2동,수정구,41131520,0.357112249558172,B,0.28071298355969443,C,31.802120141342755,4685.9,2311.5,0,0.4889,0.4933,0.0,0.5686887993783964,0.17745821269445272
8830e1c9a5fffff,37.3982433924085,127.09071637842915,판교동,분당구,41135650,0.29816322204591883,C,0.2042822391340528,D,15.547703180212014,2918.4,1082.9,0,0.4083,0.3711,0.0,0.427813528176207,0.11052275954523334
8830e15205fffff,37.420987857760714,127.1476800907727,도촌동,중원구,41133670,0.2853938536924451,C,0.0,D,4.946996466431095,0.0,0.0,0,0.0,0.0,0.0,0.0,0.0
8830e15343fffff,37.39320745556343,127.11911204519122,백현동,분당구,41135657,0.45376362521388297,B,0.690924061531977,A,92.57950530035336,12592.5,6768.5,2,0.6082,0.5375,1.0,0.6196436847068478,0.47688862549746
8830e15237fffff,37.40920589780658,127.17291269024956,도촌동,중원구,41133670,0.2853938536924451,C,0.2578912597398773,C,26.501766784452297,6480.3,2589.7,0,0.5,0.3996,0.0,0.4606690537839189,0.24541212742103252
8830e1c98bfffff,37.43148040838997,127.0987481685687,고등동,수정구,41131640,0.24694815124964348,C,0.24619717833465343,C,22.968197879858657,6477.8,2424.8,0,0.4565,0.3743,0.0,0.4315025696479501,0.24532050158491123
8830e026d9fffff,37.403696996649906,127.07022181066988,시흥동,수정구,41131650,0.2292619362013324,D,0.3628335135372565,B,68.55123674911661,3524.5,2467.1,0,0.7,0.7,0.0,0.8069778219438019,0.13347461586578588
8830e024dbfffff,37.35997282010733,127.11107167684116,정자3동,분당구,41135570,0.2978596732733048,C,0.42539228719438876,A,82.3321554770318,10098.3,6803.6,0,0.6684,0.6737,0.0,0.7766585123479133,0.3824296075174114
8830e15329fffff,37.367124391222944,127.12215176440503,정자2동,분당구,41135560,0.2576258864556208,C,0.4775055681197722,A,86.57243816254417,15545.7,10143.0,0,0.6325,0.6525,0.0,0.7522186125976154,0.5887270769357534
8830e1521dfffff,37.43488195332191,127.16197872589444,상대원1동,중원구,41133570,0.2265850361917555,D,0.3787007721429335,B,73.85159010600707,11135.1,6089.8,0,0.5448,0.5469,0.0,0.6304802440300933,0.42169558176965416
8830e1cd6dfffff,37.46686485826057,127.14632485533394,위례동,수정구,41131625,0.46287014847446417,A,0.274629778183398,C,29.681978798586574,3716.2,1872.8,0,0.6929,0.504,0.0,0.5810240317995374,0.1407338848786101
8830e1c9ddfffff,37.44409238166332,127.0893236525708,고등동,수정구,41131640,0.24694815124964348,C,0.36266472823973916,B,68.19787985865725,4232.1,2887.0,0,0.6333,0.6822,0.0,0.786457528757231,0.16027238912282252
8830e15203fffff,37.42814615833886,127.15878180104284,하대원동,중원구,41133660,0.2609272515073311,C,0.0,D,4.946996466431095,0.0,0.0,0,0.0,0.0,0.0,0.0,0.0
8830e1c9c3fffff,37.43735865253654,127.0861379284562,고등동,수정구,41131640,0.24694815124964348,C,0.3160932058295313,C,42.40282685512368,3388.1,2039.7,0,0.6,0.602,0.0,0.6940009268716696,0.12830945026954502
8830e1c93dfffff,37.4091451073775,127.04973161851541,시흥동,수정구,41131650,0.2292619362013324,D,0.0,D,4.946996466431095,0.0,0.0,0,0.0,0.0,0.0,0.0,0.0
8830e15361fffff,37.37301255266065,127.1095503917382,정자동,분당구,41135545,0.4300143748335851,B,0.8639397468822663,A,98.93992932862191,18360.1,14148.3,3,0.6944,0.7706,1.0,0.8883672994141338,0.6953094237220423
8830e1c8b7fffff,37.453391476755556,127.13993377952039,태평4동,수정구,41131561,0.6775996391710029,A,0.2976795907132585,C,37.102473498233216,8537.4,3715.8,0,0.6,0.4352,0.0,0.5017096401570609,0.3233191155014472
8830e0268bfffff,37.3843564124282,127.07645927448829,운중동,분당구,41135680,0.34365185828235756,B,0.22840511586952986,D,19.434628975265017,2151.8,951.7,0,0.45,0.4423,0.0,0.5098947009224909,0.0814907850017783
8830e15255fffff,37.44077001284303,127.14935876688133,중앙동,중원구,41133525,0.30288367892621654,C,0.29414683295534283,C,35.3356890459364,7232.1,3324.7,0,0.4536,0.4597,0.0,0.5299538639250939,0.2738842912843509
8830e1c9a9fffff,37.411281611566544,127.08919078556822,시흥동,수정구,41131650,0.2292619362013324,D,0.16714333763093914,D,12.7208480565371,2535.3,760.6,0,0.3,0.3,0.0,0.3458476379759151,0.09601427480191031
8830e1c923fffff,37.4024146119848,127.04655391347407,운중동,분당구,41135680,0.34365185828235756,B,0.3444460498846316,B,57.243816254416956,1906.0,1334.2,0,0.7,0.7,0.0,0.8069778219438019,0.0721830703570363
8830e15347fffff,37.38647535443568,127.11592399353279,백현동,분당구,41135657,0.45376362521388297,B,0.5364943484212097,A,88.69257950530034,20534.9,13500.8,0,0.6776,0.6575,0.0,0.7579827398972139,0.7776708415410805
8830e152c1fffff,37.442887026728435,127.18891245287465,상대원1동,중원구,41133570,0.2265850361917555,D,0.37464097488586773,B,70.6713780918728,4563.8,3194.6,0,0.7,0.7,0.0,0.8069778219438019,0.1728328203611566
8830e1523bfffff,37.422255376920084,127.17140070874788,도촌동,중원구,41133670,0.2853938536924451,C,0.2766619165452504,C,30.3886925795053,10441.9,3578.2,0,0.3805,0.3427,0.0,0.395073285114487,0.39544200833151877
8830e1cd05fffff,37.46814283784618,127.17006127098091,양지동,수정구,41131610,0.22666966419906892,D,0.25864502564645137,C,27.208480565371023,6510.1,2607.5,0,0.4333,0.4005,0.0,0.4617065966978467,0.2465412898910423
8830e026ddfffff,37.3969660648321,127.0670410855178,운중동,분당구,41135680,0.34365185828235756,B,0.35128553488445496,B,63.60424028268551,2508.0,1755.6,0,0.7,0.7,0.0,0.8069778219438019,0.09498135368978076
8830e1532dfffff,37.36039355819844,127.11896447861153,정자3동,분당구,41135570,0.2978596732733048,C,0.7200608562100377,A,94.69964664310953,11252.6,7130.2,2,0.6361,0.6337,1.0,0.7305454939511248,0.42614219543195914
8830e15221fffff,37.407941566020874,127.14919604637224,야탑3동,분당구,41135640,0.2899265421066042,C,0.34475738066468464,B,58.303886925795055,6783.7,3938.0,0,0.5845,0.5805,0.0,0.6692151794833957,0.25690436290442115
8830e026c3fffff,37.39023559993693,127.06386119245072,운중동,분당구,41135680,0.34365185828235756,B,0.5682074450855743,A,89.39929328621908,10302.5,3377.5,3,0.4306,0.3278,1.0,0.3778961857616832,0.39016323593633667
8830e15313fffff,37.38858272419643,127.15541994187278,서현1동,분당구,41135580,0.46286517016966955,A,0.3210798134486877,C,44.16961130742049,6526.1,3494.4,0,0.5636,0.5355,0.0,0.6173380337870085,0.24714866644628095
8830e1c9e1fffff,37.41716026024896,127.07658575845727,시흥동,수정구,41131650,0.2292619362013324,D,0.2490405848706635,C,23.32155477031802,1074.2,551.7,0,0.52,0.5136,0.0,0.5920911562147666,0.040680407949189465
8830e15207fffff,37.42141082865942,127.15558571304433,도촌동,중원구,41133670,0.2853938536924451,C,0.40241486844426,B,79.50530035335689,22448.1,7175.4,0,0.4256,0.3196,0.0,0.36844301699034154,0.8501255388270779
8830e026a9fffff,37.364167417586344,127.0669193801168,운중동,분당구,41135680,0.34365185828235756,B,0.37688586887059206,B,72.43816254416961,9538.6,5554.6,0,0.52,0.5823,0.0,0.6712902653112512,0.36123254248697195
8830e1c9c7fffff,37.4306253891241,127.08295303827089,고등동,수정구,41131640,0.24694815124964348,C,0.3352016365023944,B,50.8833922261484,16073.4,5319.4,0,0.3667,0.3309,0.0,0.3814699446874344,0.6087121954247353
8830e15311fffff,37.38816217747541,127.14751825388326,서현1동,분당구,41135580,0.46286517016966955,A,0.2546387324959427,C,25.08833922261484,860.7,457.1,0,0.5333,0.531,0.0,0.6121503192173697,0.03259534936331603
8830e1cd3dfffff,37.46225408107072,127.18268940494703,은행2동,중원구,41133560,0.28440447622504966,C,0.39825837516936957,B,78.4452296819788,7608.5,5145.0,0,0.6714,0.6762,0.0,0.7795405759977126,0.2881404825676151
8830e15365fffff,37.366281852416016,127.10636484098727,정자1동,분당구,41135550,0.6610120434351695,A,0.8738652162585279,A,99.64664310954063,27189.9,16148.1,3,0.7034,0.5939,1.0,0.6846630406463199,1.0
8830e1c8bbfffff,37.46643793553133,127.1384152210329,위례동,수정구,41131625,0.46287014847446417,A,0.668637740582169,A,91.51943462897526,10886.6,5783.3,6,0.5758,0.5312,1.0,0.6123808843093537,0.4122846228614248
8830e02491fffff,37.34104215267177,127.12518926570768,구미동,분당구,41135670,0.3326673998045227,B,0.3287051615573044,C,47.70318021201413,8333.8,4229.5,0,0.5721,0.5075,0.0,0.5850589209092564,0.3156053106453394
8830e15259fffff,37.45381733660726,127.1478420883633,신흥2동,수정구,41131520,0.357112249558172,B,0.19395418120497,D,14.13427561837456,2313.8,841.3,0,0.3889,0.3636,0.0,0.4191673372268091,0.08762415438082108
8830e024c3fffff,37.34609255666714,127.09681318563412,구미1동,분당구,41135665,0.34185927345280975,B,0.20111826694024798,D,15.19434628975265,3886.0,1322.9,0,0.48,0.3404,0.0,0.39242178655667165,0.14716517439193105
8830e1c9adfffff,37.40454961174065,127.08600665845725,시흥동,수정구,41131650,0.2292619362013324,D,0.2542155597503671,C,24.73498233215548,6282.6,2491.2,0,0.4333,0.3965,0.0,0.4570952948581678,0.23792480602366656
8830e026c1fffff,37.38980920175924,127.05597321121994,운중동,분당구,41135680,0.34365185828235756,B,0.3271856628454958,C,46.64310954063604,15274.5,5089.7,0,0.3826,0.3332,0.0,0.3841214432452497,0.5784569518246528
8830e1cd23fffff,37.45551612837777,127.17948783999445,은행2동,중원구,41133560,0.28440447622504966,C,0.3797486972240427,B,74.20494699646643,5013.3,3509.3,0,0.7,0.7,0.0,0.8069778219438019,0.18985856148840657
8830e1c927fffff,37.395684583555266,127.04337703976495,운중동,분당구,41135680,0.34365185828235756,B,0.16108385252996507,D,11.307420494699647,2002.0,600.6,0,0.3,0.3,0.0,0.3458476379759151,0.07581599113199679
8830e1534bfffff,37.39951655975702,127.11440291842874,삼평동,분당구,41135655,0.458371381575248,A,0.8772697848574864,A,100.0,26319.7,15881.2,12,0.8129,0.6034,1.0,0.6956148825155574,0.9967461061708784
8830e1c8a1fffff,37.452111112503665,127.11621636281501,신촌동,수정구,41131630,0.17434483147037586,D,0.0,D,4.946996466431095,0.0,0.0,0,0.0,0.0,0.0,0.0,0.0
8830e152c5fffff,37.43614987082886,127.18571082451813,상대원1동,중원구,41133570,0.2265850361917555,D,0.23543434282853803,C,20.141342756183743,428.6,214.3,0,0.5,0.5,0.0,0.5764127299598585,0.016230836148648824
8830e15041fffff,37.39573670447804,127.16651864628487,야탑3동,분당구,41135640,0.2899265421066042,C,0.3420237088431386,B,54.77031802120141,1692.8,1185.0,0,0.7,0.7,0.0,0.8069778219438019,0.06410860021872618
8830e1c993fffff,37.43275946554399,127.12245024583461,수진2동,수정구,41131580,0.3244089278797707,C,0.4726350505432668,A,85.86572438162544,25690.2,10070.6,0,0.5447,0.392,0.0,0.4519075802885291,0.9729067280928506
8830e026e1fffff,37.370047008795915,127.05432650269134,운중동,분당구,41135680,0.34365185828235756,B,0.0,D,4.946996466431095,0.0,0.0,0,0.0,0.0,0.0,0.0,0.0
8830e15331fffff,37.3683847271886,127.14584151273668,분당동,분당구,41135510,0.25547859328212585,C,0.3510394384566639,B,62.89752650176679,9264.6,4937.8,0,0.5549,0.533,0.0,0.6144559701372092,0.3508568346726007
8830e15225fffff,37.4012076334663,127.1460024670817,야탑3동,분당구,41135640,0.2899265421066042,C,0.34091928348713263,B,54.416961130742045,1595.6,1116.9,0,0.7,0.7,0.0,0.8069778219438019,0.06042718236537285
8830e026c7fffff,37.38350560216529,127.06068213116176,운중동,분당구,41135680,0.34365185828235756,B,0.3354605600036219,B,51.23674911660777,1115.1,780.6,0,0.7,0.7,0.0,0.8069778219438019,0.04223143742033709
8830e024c9fffff,37.351978667549126,127.08421944202482,구미1동,분당구,41135665,0.34185927345280975,B,0.29952232041806526,C,37.455830388692576,10136.5,4052.9,0,0.3867,0.3998,0.0,0.46089961887590286,0.38387490955901377
8830e15317fffff,37.38184959190431,127.15222629686134,서현1동,분당구,41135580,0.46286517016966955,A,0.4396989897237428,A,83.3922261484099,8561.0,6357.5,0,0.7467,0.7426,0.0,0.856088186536382,0.32421238369729993
8830e1c9e5fffff,37.41042839518925,127.07340336821396,시흥동,수정구,41131650,0.2292619362013324,D,0.0,D,4.946996466431095,0.0,0.0,0,0.0,0.0,0.0,0.0,0.0
8830e1520bfffff,37.43445838431257,127.1540705281059,하대원동,중원구,41133660,0.2609272515073311,C,0.2126996779538535,D,16.607773851590103,3359.0,1271.3,0,0.525,0.3785,0.0,0.4363444365796129,0.12720634440669445
8830e15369fffff,37.37932115655159,127.10484261837405,정자1동,분당구,41135550,0.6610120434351695,A,0.4232187302500171,A,81.62544169611307,5758.9,4468.3,0,0.663,0.7759,0.0,0.8944772743517085,0.2180927350311121
8830e02693fffff,37.38562916460955,127.10013435837571,판교동,분당구,41135650,0.29816322204591883,C,0.6865940227606993,A,92.226148409894,6098.9,4196.6,1,0.5852,0.6881,1.0,0.7932591989707574,0.2309678105746545
8830e1525dfffff,37.447081043725554,127.14464651735686,신흥2동,수정구,41131520,0.357112249558172,B,0.3135066174135429,C,41.342756183745585,9727.6,4281.7,0,0.4679,0.4402,0.0,0.5074737674566594,0.3683903681029306
8830e1c9b1fffff,37.412557968048105,127.11288128787905,시흥동,수정구,41131650,0.2292619362013324,D,0.2653289114134152,C,28.26855123674912,6177.0,2614.3,0,0.4944,0.4232,0.0,0.48787573463802425,0.23392872519401825
8830e1cd27fffff,37.448778640095135,127.17628711348573,금광2동,중원구,41133540,0.37356612814517376,B,0.352899610689103,B,64.66431095406361,9440.5,5029.4,0,0.6467,0.5327,0.0,0.6141101224992332,0.357518538964699
8830e1c8a5fffff,37.44537601763876,127.11302594337474,신촌동,수정구,41131630,0.17434483147037586,D,0.0,D,4.946996466431095,0.0,0.0,0,0.0,0.0,0.0,0.0,0.0
8830e152c9fffff,37.44920187647327,127.18420039094505,상대원1동,중원구,41133570,0.2265850361917555,D,0.3492259805370886,B,61.48409893992933,2326.8,1628.7,0,0.7,0.7,0.0,0.8069778219438019,0.08811617253189287
8830e15243fffff,37.440345215785435,127.14145178306711,신흥1동,수정구,41131510,0.4619442280384485,A,0.4549997055210363,A,84.45229681978799,17063.5,9663.0,0,0.5468,0.5663,0.0,0.6528450579525358,0.6462056078000734
8830e15045fffff,37.389002806817814,127.16332287901464,서현1동,분당구,41135580,0.46286517016966955,A,0.3104122678576506,C,40.282685512367486,5846.9,3093.4,0,0.5,0.5291,0.0,0.6099599508435223,0.22142762506747227
8830e1c997fffff,37.426025167266346,127.11925975820243,도촌동,중원구,41133670,0.2853938536924451,C,0.49860200098002705,A,87.63250883392226,20491.3,11811.3,0,0.7259,0.5764,0.0,0.664488595097725,0.7760218764697903
8830e1c911fffff,37.42933939332496,127.05926972470124,고등동,수정구,41131640,0.24694815124964348,C,0.3782637379025864,B,73.4982332155477,4882.6,3417.8,0,0.7,0.7,0.0,0.8069778219438019,0.18490869708355204
8830e15335fffff,37.36165299516843,127.14265037300777,분당동,분당구,41135510,0.25547859328212585,C,0.0,D,4.946996466431095,0.0,0.0,0,0.0,0.0,0.0,0.0,0.0
8830e15229fffff,37.41425329276519,127.14448612654608,도촌동,중원구,41133670,0.2853938536924451,C,0.3284903704774623,C,46.996466431095406,11294.0,4902.2,0,0.48,0.4341,0.0,0.5004415321511492,0.4277125253900088
8830e026cbfffff,37.39653936560653,127.05915182057953,운중동,분당구,41135680,0.34365185828235756,B,0.0,D,4.946996466431095,0.0,0.0,0,0.0,0.0,0.0,0.0,0.0
8830e1531bfffff,37.39489547694361,127.15071144830141,서현1동,분당구,41135580,0.46286517016966955,A,0.3396681935998597,B,53.003533568904594,4148.1,2631.7,0,0.5875,0.6344,0.0,0.7313524717730684,0.1570906829687746
8830e1c9e9fffff,37.42346468901687,127.07187457840568,고등동,수정구,41131640,0.24694815124964348,C,0.3446284554074614,B,57.59717314487632,2758.2,1873.8,0,0.6,0.6794,0.0,0.7832296174694557,0.10445536139893014
8830e026b1fffff,37.3654374640003,127.09058291131143,금곡동,분당구,41135662,0.3352825633228366,B,0.336339220126092,B,51.590106007067135,7520.2,4091.6,0,0.5333,0.5441,0.0,0.6272523327423181,0.2847942900972159
8830e15301fffff,37.38058745867648,127.128528837481,서현1동,분당구,41135580,0.46286517016966955,A,0.44864336397600035,A,84.09893992932862,12262.5,8226.1,0,0.6761,0.6708,0.0,0.7733153185141461,0.46439078856780625
8830e1536dfffff,37.37259028929849,127.1016575186643,금곡동,분당구,41135662,0.3352825633228366,B,0.20992318325195394,D,16.25441696113074,2002.5,812.9,0,0.4444,0.4059,0.0,0.46793185418141314,0.07583480526462895
8830e02697fffff,37.37889813055013,127.09694970986043,판교동,분당구,41135650,0.29816322204591883,C,0.29231209145192666,C,34.62897526501767,2772.3,1568.1,0,0.5455,0.5656,0.0,0.652038080130592,0.10498953133229966
8830e02499fffff,37.34735297003032,127.12048388918946,구미1동,분당구,41135665,0.34185927345280975,B,0.5037797058062884,A,87.98586572438163,9134.6,8512.5,0,0.8429,0.9319,0.0,1.0,0.3459323526876279
8830e02611fffff,37.3822259283886,127.03702578511673,운중동,분당구,41135680,0.34365185828235756,B,0.0,D,4.946996466431095,0.0,0.0,0,0.0,0.0,0.0,0.0,0.0
8830e15261fffff,37.420140523638906,127.13187259741147,도촌동,중원구,41133670,0.2853938536924451,C,0.31628827933289094,C,42.75618374558304,7204.3,3662.6,0,0.5235,0.5084,0.0,0.5860964638231841,0.2728323126787243
8830e1c9b5fffff,37.40582506751122,127.10969330457193,삼평동,분당구,41135655,0.458371381575248,A,0.3364777748072352,B,51.9434628975265,14947.8,5401.4,0,0.5437,0.3614,0.0,0.41663112121498574,0.566084421070803
8830e1cd2bfffff,37.46182978223701,127.17477480001051,은행2동,중원구,41133560,0.28440447622504966,C,0.30360893727288596,C,38.515901060070675,4996.5,2674.7,0,0.54,0.5353,0.0,0.6171074686950245,0.18921983264958708
8830e15353fffff,37.40078556034605,127.13810070543082,이매1동,분당구,41135600,0.2805467112355271,C,0.22058852310088573,D,17.314487632508836,7239.5,2171.8,0,0.3,0.3,0.0,0.3458476379759151,0.27416489303506564
8830e1c8a9fffff,37.45841865709686,127.11150302795167,신촌동,수정구,41131630,0.17434483147037586,D,0.2903245531532785,C,33.92226148409894,1201.1,720.7,0,0.6,0.6,0.0,0.6916952759518302,0.04548814257515459
8830e152cdfffff,37.442464554280996,127.18099921343536,상대원1동,중원구,41133570,0.2265850361917555,D,0.3268333286163939,C,45.936395759717314,9370.4,4478.2,0,0.5148,0.4779,0.0,0.5509352872956328,0.3548640456604694
8830e15247fffff,37.43360985298938,127.13825788518533,성남동,중원구,41133510,0.5129422940779669,A,0.29432311114218085,C,35.68904593639576,5839.2,2886.8,0,0.4862,0.4944,0.0,0.5699569073843082,0.2211344939615253
8830e15049fffff,37.40205038763968,127.16180973933419,야탑3동,분당구,41135640,0.2899265421066042,C,0.2718382554227102,C,28.621908127208478,3381.2,1711.6,0,0.5273,0.5062,0.0,0.5835602478113607,0.12804718766055292
8830e1c99bfffff,37.439068040419855,127.11773833847106,고등동,수정구,41131640,0.24694815124964348,C,0.0,D,4.946996466431095,0.0,0.0,0,0.0,0.0,0.0,0.0,0.0
8830e1c915fffff,37.422607498248645,127.05608952382198,고등동,수정구,41131640,0.24694815124964348,C,0.5746825841220395,A,89.75265017667844,4256.6,2089.0,1,0.5,0.4908,1.0,0.5658067357285972,0.16119963276866892
8830e026e9fffff,37.37635027587731,127.04961848646923,운중동,분당구,41135680,0.34365185828235756,B,0.0,D,4.946996466431095,0.0,0.0,0,0.0,0.0,0.0,0.0,0.0
8830e15339fffff,37.37469697804602,127.14113437080906,서현2동,분당구,41135590,0.418974930376502,B,0.32476467147402144,C,45.583038869257955,8299.4,4147.8,0,0.5389,0.4998,0.0,0.5761821648678745,0.31430601842290534
8830e1522dfffff,37.40751919355961,127.14129299820154,야탑3동,분당구,41135640,0.2899265421066042,C,0.385331205724528,B,75.61837455830388,15814.1,7053.1,0,0.5254,0.446,0.0,0.5141601551241938,0.5988904789161683
8830e1c981fffff,37.42474701009278,127.09556154031631,고등동,수정구,41131640,0.24694815124964348,C,0.48020967589465013,A,86.92579505300353,26797.1,10471.3,0,0.65,0.3908,0.0,0.4505241897366254,1.0
8830e024d1fffff,37.35324275455719,127.10788650826935,금곡동,분당구,41135662,0.3352825633228366,B,0.31271968970821623,C,40.98939929328622,8939.9,4093.2,0,0.5394,0.4579,0.0,0.5278787780972384,0.3385605948977362
8830e1c9edfffff,37.416732658363294,127.06869264027691,시흥동,수정구,41131650,0.2292619362013324,D,0.2945365802140299,C,36.042402826855124,1571.9,943.1,0,0.6,0.6,0.0,0.6916952759518302,0.05952823277765933
8830e1532bfffff,37.367544966419146,127.13004709875868,수내3동,분당구,41135540,0.29484970399070237,C,0.39740109327284306,B,77.73851590106007,6149.0,4367.4,0,0.7484,0.7103,0.0,0.8188519241809751,0.2328677453348434
8830e15213fffff,37.43572769682279,127.17779887410538,상대원1동,중원구,41133570,0.2265850361917555,D,0.27730866166733276,C,31.09540636042403,5189.9,2457.5,0,0.45,0.4735,0.0,0.545862855271986,0.19654506519512785
8830e1cd63fffff,37.467717309661005,127.16214788031239,위례동,수정구,41131625,0.46287014847446417,A,0.3232564049249996,C,45.22968197879859,7196.6,3768.7,0,0.65,0.5237,0.0,0.6037346933599559,0.27254175860339075
8830e026b5fffff,37.35870783191196,127.08740076066373,구미1동,분당구,41135665,0.34185927345280975,B,0.3911244673193476,B,77.03180212014135,6014.6,4210.2,0,0.7,0.7,0.0,0.8069778219438019,0.22777779513942284
8830e15305fffff,37.37385569144942,127.12533988392573,수내2동,분당구,41135530,0.12591557692101515,D,0.8458079475525748,A,98.23321554770318,15514.0,12433.1,1,0.8969,0.8014,1.0,0.9238743235796613,0.5875273937357011
8830e1c9d3fffff,37.44494860204373,127.10512392836934,신촌동,수정구,41131630,0.17434483147037586,D,0.20933409914816284,D,15.901060070671377,2486.4,976.4,0,0.475,0.3927,0.0,0.4527145581104729,0.09416091967991225
8830e024ddfffff,37.352821854218305,127.09999623824218,금곡동,분당구,41135662,0.3352825633228366,B,0.5830664368007299,A,90.10600706713781,9167.0,3557.0,1,0.4818,0.388,1.0,0.4472962784488502,0.3471597514039661
8830e0269bfffff,37.39193657663001,127.09542561173136,판교동,분당구,41135650,0.29816322204591883,C,0.3136044117700787,C,41.69611307420495,2365.4,1470.8,0,0.61,0.6218,0.0,0.7168268709780801,0.08957887792948889
8830e026dbfffff,37.4041235351584,127.07811360959948,시흥동,수정구,41131650,0.2292619362013324,D,0.33217260257000736,C,49.46996466431096,3906.4,2437.9,0,0.6,0.6241,0.0,0.7194783695358954,0.14793751585216397
8830e0249dfffff,37.340623239748595,127.11729781939275,구미동,분당구,41135670,0.3326673998045227,B,0.4762433177064886,A,86.21908127208481,11850.7,8779.4,0,0.6156,0.7408,0.0,0.8540131007085264,0.44879359141025993
8830e1c907fffff,37.415447083071015,127.04502078829927,고등동,수정구,41131640,0.24694815124964348,C,0.3346942823896865,B,50.53003533568905,1047.7,733.4,0,0.7,0.7,0.0,0.8069778219438019,0.03967717870721929
8830e152ebfffff,37.42983458994373,127.19042194674638,도촌동,중원구,41133670,0.2853938536924451,C,0.22377308518179873,D,18.551236749116608,7519.8,2255.9,0,0.3,0.3,0.0,0.3458476379759151,0.2847800999714422
8830e02615fffff,37.375497302052636,127.0338514035647,운중동,분당구,41135680,0.34365185828235756,B,0.0,D,4.946996466431095,0.0,0.0,0,0.0,0.0,0.0,0.0,0.0
8830e15265fffff,37.41340655748888,127.12868120690267,야탑1동,분당구,41135620,0.7196853984687459,A,0.7267047812461198,A,95.0530035335689,11127.1,7245.7,6,0.65,0.6512,1.0,0.7507199394997197,0.4213893514874399
8830e1c9b9fffff,37.41886604528062,127.10817073538465,시흥동,수정구,41131650,0.2292619362013324,D,0.257144521912003,C,25.795053003533567,2339.5,1169.7,0,0.5,0.5,0.0,0.5764127299598585,0.08859809976019858
8830e1c933fffff,37.4100010941096,127.06551153480105,시흥동,수정구,41131650,0.2292619362013324,D,0.2739262612580455,C,29.328621908127207,1377.3,771.4,0,0.5579,0.5601,0.0,0.6456975401010335,0.052157484058773546
8830e15357fffff,37.39405239332645,127.13490924792579,이매1동,분당구,41135600,0.2805467112355271,C,0.2853648079323015,C,32.50883392226148,11041.5,3828.9,0,0.5,0.3468,0.0,0.3997998695001579,0.4181495337741279
8830e1c8adfffff,37.45168339699643,127.10831306053369,신촌동,수정구,41131630,0.17434483147037586,D,0.28597233679279466,C,32.86219081272085,4515.6,2298.1,0,0.5667,0.5089,0.0,0.586672876553144,0.1710106205717901
8830e02681fffff,37.37762628004961,127.07327847792945,운중동,분당구,41135680,0.34365185828235756,B,0.254035752285142,C,24.381625441696116,5560.5,2301.3,0,0.4667,0.4139,0.0,0.4771544578607709,0.2105798971361123
8830e1524bfffff,37.44665548313307,127.1367394967747,태평2동,수정구,41131550,0.35002399644440313,B,0.4036514905617211,B,79.85865724381625,13684.4,7364.7,0,0.54,0.5382,0.0,0.6204506625287918,0.5182374185006813
8830e1504dfffff,37.395316322842234,127.15861442259434,서현1동,분당구,41135580,0.46286517016966955,A,0.35171018511726926,B,63.957597173144876,2545.4,1781.8,0,0.7,0.7,0.0,0.8069778219438019,0.09639685446582837
8830e026edfffff,37.369621514244024,127.04644237046499,운중동,분당구,41135680,0.34365185828235756,B,0.3570298755184647,B,66.07773851590106,6946.6,4189.3,0,0.5,0.6031,0.0,0.6952690348775813,0.263074205224774
8830e1533dfffff,37.367965078488275,127.13794368153718,분당동,분당구,41135510,0.25547859328212585,C,0.30135595123985054,C,37.80918727915194,4278.6,2345.2,0,0.4833,0.5481,0.0,0.6318636345819969,0.16203499135683927
8830e15231fffff,37.41551991488095,127.1682028821024,도촌동,중원구,41133670,0.2853938536924451,C,0.3475435752900088,B,59.717314487632514,2178.7,1525.1,0,0.7,0.7,0.0,0.8069778219438019,0.08250815504162688
8830e1c985fffff,37.418014077751074,127.09237574608537,시흥동,수정구,41131650,0.2292619362013324,D,0.29258609980104094,C,34.98233215547703,4022.2,2153.6,0,0.5889,0.5354,0.0,0.6172227512410164,0.15232333101544782
8830e026d3fffff,37.39781807847479,127.0828233644451,시흥동,수정구,41131650,0.2292619362013324,D,0.3697006609791916,B,70.31802120141343,4128.9,2890.2,0,0.7,0.7,0.0,0.8069778219438019,0.1563651073389028
8830e1c98dfffff,37.424320032067065,127.08766463567821,고등동,수정구,41131640,0.24694815124964348,C,0.0,D,4.946996466431095,0.0,0.0,0,0.0,0.0,0.0,0.0,0.0
8830e024d5fffff,37.34651315669199,127.10470217245754,구미1동,분당구,41135665,0.34185927345280975,B,0.3428491915918995,B,55.830388692579504,13617.2,5555.2,0,0.6053,0.408,0.0,0.47035278764724453,0.5156935884433389
8830e15323fffff,37.36123364597061,127.1347538266986,수내3동,분당구,41135540,0.29484970399070237,C,0.33430944760515147,B,50.17667844522968,1013.8,709.7,0,0.7,0.7,0.0,0.8069778219438019,0.03839439609210233
8830e15217fffff,37.428991304301576,127.17459937264589,상대원1동,중원구,41133570,0.2265850361917555,D,0.2555018495734135,C,25.4416961130742,2199.0,1099.4,0,0.525,0.4999,0.0,0.5762974474138666,0.08327623535955625
8830e15239fffff,37.42183333512671,127.16349258570425,도촌동,중원구,41133670,0.2853938536924451,C,0.2500388722364403,C,24.02826855123675,9543.5,2931.0,0,0.3273,0.3071,0.0,0.3540326987413451,0.3614193091330074
8830e1cd67fffff,37.46097978857258,127.15894934572995,양지동,수정구,41131610,0.22666966419906892,D,0.2370803392144243,C,20.49469964664311,3548.6,1514.0,0,0.48,0.4267,0.0,0.4919106237477433,0.13438696571775666
8830e026b9fffff,37.37174437584678,127.08587551857242,금곡동,분당구,41135662,0.3352825633228366,B,0.16673242330462598,D,12.36749116607774,2499.1,749.7,0,0.3,0.3,0.0,0.3458476379759151,0.09464456038086647
8830e15309fffff,37.38689775513501,127.12382068487133,서현1동,분당구,41135580,0.46286517016966955,A,0.7097947267368776,A,93.99293286219081,11209.4,6865.6,2,0.654,0.6125,1.0,0.7061055942008267,0.42450829685515645
8830e1c9d7fffff,37.43821427244093,127.1019356311504,고등동,수정구,41131640,0.24694815124964348,C,0.16983045291134044,D,13.074204946996467,1696.2,553.9,0,0.4,0.3265,0.0,0.3763975126637876,0.06423815948608463
8830e15269fffff,37.42645029321552,127.1271616654774,성남동,중원구,41133510,0.5129422940779669,A,0.3566153451631804,B,65.7243816254417,10323.6,5358.1,0,0.5081,0.519,0.0,0.5983164136983332,0.3909625989461571
8830e1506bfffff,37.38268869477674,127.16803084765736,서현1동,분당구,41135580,0.46286517016966955,A,0.0,D,4.946996466431095,0.0,0.0,0,0.0,0.0,0.0,0.0,0.0
8830e1c9bdfffff,37.412132978621514,127.10498320360885,시흥동,수정구,41131650,0.2292619362013324,D,0.22893454449665201,D,19.78798586572438,6862.0,2246.8,0,0.4,0.3274,0.0,0.3774350555777154,0.2598684075518862
8830e1c937fffff,37.40326999645698,127.06233126167095,시흥동,수정구,41131650,0.2292619362013324,D,0.34267600212578014,B,55.47703180212014,1750.2,1225.2,0,0.7,0.7,0.0,0.8069778219438019,0.06628291116086456
8830e1535bfffff,37.407096357235815,127.13339119993225,야탑3동,분당구,41135640,0.2899265421066042,C,0.36962389102452115,B,69.96466431095406,8233.7,4929.5,0,0.5619,0.5987,0.0,0.6901966028539346,0.3118174996098244
8830e1c8b1fffff,37.4597013117285,127.13522055335976,복정동,수정구,41131620,0.2465699214638441,C,0.3466524684501591,B,59.01060070671378,6114.4,3675.2,0,0.6286,0.6011,0.0,0.6929633839577418,0.23155704955687453
8830e02685fffff,37.370896615035406,127.07009851324122,운중동,분당구,41135680,0.34365185828235756,B,0.3497062457518311,B,62.19081272084806,7876.8,4444.7,0,0.6456,0.5643,0.0,0.6505394070326963,0.2983016097958421
8830e1c9a3fffff,37.405400378159,127.10179650594644,삼평동,분당구,41135655,0.458371381575248,A,0.2911169957961413,C,34.275618374558306,10046.0,3855.4,0,0.5,0.3838,0.0,0.4424544115171874,0.38045077063088784
8830e1c91dfffff,37.42890980452022,127.05137778868847,고등동,수정구,41131640,0.24694815124964348,C,0.34775525108376215,B,60.07067137809188,2197.3,1538.1,0,0.7,0.7,0.0,0.8069778219438019,0.08321374102080464
8830e15341fffff,37.392784291982196,127.11121531794886,백현동,분당구,41135657,0.45376362521388297,B,0.8292906584066789,A,97.1731448763251,25092.0,13287.7,9,0.7119,0.5296,1.0,0.6105363635734821,0.9502537099242869
8830e1c897fffff,37.47317502383165,127.14161072564035,위례동,수정구,41131625,0.46287014847446417,A,0.7350112925518532,A,95.75971731448763,7243.3,5540.5,1,0.7617,0.7649,1.0,0.8817961942925916,0.27430938278272143
8830e15235fffff,37.4087849183867,127.16500589240071,도촌동,중원구,41133670,0.2853938536924451,C,0.3597615406085915,B,67.13780918727915,3254.1,2277.9,0,0.7,0.7,0.0,0.8069778219438019,0.12323470610356918
8830e1c989fffff,37.43105313004518,127.09084997796312,고등동,수정구,41131640,0.24694815124964348,C,0.1932771075513511,D,13.780918727915195,4413.5,1369.8,0,0.3333,0.3104,0.0,0.3578370227590802,0.1671409948257301
8830e1c903fffff,37.42217821057524,127.04819887254412,고등동,수정구,41131640,0.24694815124964348,C,0.3403749278549029,B,53.71024734982333,1547.7,1083.4,0,0.7,0.7,0.0,0.8069778219438019,0.05861266359127397
8830e026d7fffff,37.39108701197028,127.07964090322452,운중동,분당구,41135680,0.34365185828235756,B,0.3487282066821136,B,60.7773851590106,10546.7,5235.1,0,0.5368,0.4964,0.0,0.5722625583041475,0.3994106112015151
8830e024d9fffff,37.35955161953489,127.1031801232576,금곡동,분당구,41135662,0.3352825633228366,B,0.34032632655350625,B,53.35689045936396,14953.7,5526.3,0,0.55,0.3696,0.0,0.4260842899863274,0.5663087018632509
8830e15327fffff,37.35450268069446,127.13156480598569,정자3동,분당구,41135570,0.2978596732733048,C,0.3433898786679825,B,56.18374558303887,1813.1,1269.2,0,0.7,0.7,0.0,0.8069778219438019,0.06866249963487242
8830e1521bfffff,37.44204161642589,127.17308722511146,상대원1동,중원구,41133570,0.2265850361917555,D,0.2625893750318732,C,27.915194346289752,2989.2,1481.9,0,0.5,0.4958,0.0,0.5715708630281957,0.11320343273531641
8830e026bdfffff,37.36501457679295,127.08269381913455,금곡동,분당구,41135662,0.3352825633228366,B,0.29669230712981093,C,36.74911660777385,5800.1,2902.7,0,0.5,0.5005,0.0,0.5769891426898183,0.21965550017961202
8830e1530dfffff,37.380165820856526,127.12063218218776,수내2동,분당구,41135530,0.12591557692101515,D,0.7904115086369348,A,96.81978798586573,12367.2,9384.5,3,0.7949,0.7588,1.0,0.8747639589870814,0.4683530834736738
8830e1c9dbfffff,37.45125521818193,127.10041100990178,신촌동,수정구,41131630,0.17434483147037586,D,0.3188700449428063,C,43.81625441696113,5609.1,3103.3,0,0.5158,0.5533,0.0,0.6378583269735795,0.2124223805112483
8830e15201fffff,37.42772288834394,127.15087489118979,하대원동,중원구,41133660,0.2609272515073311,C,0.27672875203775366,C,30.742049469964666,4063.3,2031.6,0,0.5,0.5,0.0,0.5764127299598585,0.15387886684603416
8830e026a3fffff,37.35828524534429,127.07951295165945,구미1동,분당구,41135665,0.34185927345280975,B,0.24455632297682328,C,22.614840989399294,1231.5,615.7,0,0.5,0.5,0.0,0.5764127299598585,0.04663743664293292
8830e1526dfffff,37.419716160900585,127.12397072633007,도촌동,중원구,41133670,0.2853938536924451,C,0.47125897323524246,A,85.51236749116607,10701.7,8115.0,0,0.779,0.7583,0.0,0.8741875462571214,0.4052798491079798
8830e1c9c1fffff,37.43693014871812,127.07824095385158,고등동,수정구,41131640,0.24694815124964348,C,0.3066424501852406,C,39.2226148409894,14813.9,4444.2,0,0.3,0.3,0.0,0.3458476379759151,0.561011316649582
8830e1c93bfffff,37.41630459471049,127.0608007725223,고등동,수정구,41131640,0.24694815124964348,C,0.3487874854210068,B,61.130742049469966,2288.2,1601.7,0,0.7,0.7,0.0,0.8069778219438019,0.08665452214495353
8830e1c8b5fffff,37.4529651526259,127.13202672231206,복정동,수정구,41131620,0.2465699214638441,C,0.6990217654491403,A,93.28621908127208,6393.1,4525.2,5,0.692,0.7078,1.0,0.8159698605311757,0.24211273745556675
8830e15345fffff,37.38605249084659,127.10802855136644,백현동,분당구,41135657,0.45376362521388297,B,0.4085756659698356,A,80.21201413427562,7380.2,5197.4,0,0.6614,0.7042,0.0,0.8118196888754647,0.27949263473216557
8830e02689fffff,37.38393123801656,127.06857007823015,운중동,분당구,41135680,0.34365185828235756,B,0.3658156633402542,B,69.25795053003534,3787.0,2650.9,0,0.7,0.7,0.0,0.8069778219438019,0.14341511520911165
8830e0248bfffff,37.34020386434844,127.10940762052199,구미동,분당구,41135670,0.3326673998045227,B,0.28951213721281616,C,33.56890459363957,7437.0,3306.4,0,0.4432,0.4446,0.0,0.5125461994803062,0.2816455247356455
8830e15253fffff,37.44793077159603,127.16046431267016,금광2동,중원구,41133540,0.37356612814517376,B,0.3767071256053973,B,72.08480565371025,11824.2,6215.0,0,0.5224,0.5256,0.0,0.6059250617338032,0.4477903363729201
8830e1c9a7fffff,37.39866824409466,127.0986106420898,판교동,분당구,41135650,0.29816322204591883,C,0.6979215159235126,A,92.93286219081273,6823.9,4741.6,4,0.7123,0.6948,1.0,0.8009831295522194,0.25842754700874937
8830e1c921fffff,37.40198622818889,127.03866711428019,운중동,분당구,41135680,0.34365185828235756,B,0.3551030387127199,B,65.37102473498233,2844.1,1990.8,0,0.7,0.7,0.0,0.8069778219438019,0.10770636645066392
